title,address,city,theme,introduce,traffic_guide,open_time,ticket_information,ticket_price,ticket_total,ticket_surplus,stars
桂林山水, 广西·桂林 桂林 ,桂林,避暑,"桂林的山，平地拔起，千姿百态；漓江的水，蜿蜒曲折，明洁如镜；山多有洞，洞幽景奇；洞中怪石，鬼斧神工，琳琅满目，于是形成了“山青、水秀、洞奇、石美”的桂林“四绝”，而自古就有“桂林山水甲天下”的赞誉。
桂林是一座文化古城。两千多年的历史，使它具有丰厚的文化底蕴。秦始皇统一思想国后，设置桂林郡，开凿灵渠，沟通湘江和漓江。桂林从此便成为南通海域，北达中原的重镇。宋代以后，它一直是广西政治、经济、文化的中心，号称“西南会府”，直到新中国建立。在漫长的岁月里，桂林的奇山秀水吸引着无数的文人墨客，使他们写下了许多脍炙人口的诗篇和文章，刻下了两千余件石刻和壁书，历史还在这里留下了许多古迹遗址。
千百年来，桂林一直是人们旅游观光的宝地。现在，一个以桂林市为中心，包含周围12个县的风景区已经形成。这里有浩瀚苍翠的原始森林，雄奇险峻的峰峦幽谷，激流奔腾的溪泉瀑布，天下奇绝的高山梯田......在这一片神奇的土地上，生活着壮、瑶、苗、侗、仫佬、毛难等十多个少数民族。大桂林的自然风光、民族风情、历史文化、深深地吸引着中外游客以及国家元首纷至踏来，流连忘返。
总体来说桂林最佳的旅游季节是每年的4月－10月，也就是通常所说的旅游旺季（总体的旅游价格比平时不会高很多，或者说没有差别）。五一、国庆、春节长假期间是旅游高峰期，各个景点都是人满为患，城市的道路显得非常的拥挤。
桂林作为一个旅游名城比起其他城市来说及其微小，城市人口不过70万。最主要的街道是中山路和解放路，最繁华的是中山路的一段－－中山中路，仅仅从中山中路的一头走到另一头，不用30分钟。晚上7点以后中山中路有一半的街道会成为步行街，让人感觉很热闹。
以下是外地游客还算关注的一些市内景点。
象鼻山 ★★★★
4A景点，桂林的城徽，价格也不是很高，还是值得一去的。是由3.6亿年前海底沉积的纯石灰组成的，远远看去真的很像是一大象把鼻子伸入水中，这里也是桂林旅游的标志性景点。园内还有摩崖石刻50余件，刻有陆游、范成大、张效祥等著名诗人的作品。
开放时间：淡季7：00—21：30      旺季6：30—22：00
门票：25元
交通：可选择乘坐免费公益车（57、58路），公交车（2、23路），景区穿梭巴士或自驾车直达景区。
欣欣旅游网小提示：摄影宜在坐船游漓江时取摄影角度，象山水月的夜景非常棒，酷爱摄影的朋友一定不要错过。游览时间通常一个半小时。
七星公园 ★★★★
桂林市内最大的公园。普陀山是七星公园的主山，其中最得一看的是颜真卿的逍遥楼，宋代范成大的《碧虚铭》，明代龟蛇合一的浮雕以及位于博望坪800壮士墓、三将军墓等。月牙山的桂海碑林也是不可错过的景点。
开放时间：景区 6：00——20：30    七星岩 8：30——17：30
门票：含七星岩65元/人（票价如变动,以门市公布价为准）
交通：公交车10路、11路、14路、18路、25路、30路、31路、98路、免费公益车52路、58路可达景区花桥大门
景区电话：0773-5814342
欣欣旅游网小提示：公园配有付费专职外景导游，可根据客人时间和需求设计最佳游览线路。七星岩游览时间约45分钟，整个公园约2个小时。
叠彩山 ★★★
叠彩山因山上石层横断间层层如绸缎相叠而得名。主峰是“明月峰”，在峰顶俯览群山，可山中岩石层层相叠，山花竟相怒放，方有感此山何谓“叠彩”。山顶看桂林全景还是不错的。
开放时间：淡季7：00—18：30       旺季6：30—18：30
门票：20元
交通：公交2路、免费58路可以到公园大门。
芦笛岩 ★★★
4A景点，知名度太高，价格也太高，岩洞的人工痕迹太多，洞内有一个唯一有水面的景致是很不错的。
游览时间：约1小时
门票：60元
交通：距市中心约3公里，可乘3路公交车、免费58路直达。
靖江王府 ★★★
住过12代14个藩王，是明太祖朱元璋的侄孙朱守谦被封为靖江王的王府。“桂林山水甲天下”这一场四海的名句，就是出自王府内独秀峰的宋代石刻。
开放时间：09：30～17：30
门票：50元
交通：1、10、18、22、24路公交车及51、57路免费公交车。
景区电话：0773-2852203
欣欣旅游网小提示：全游程需3小时。上独秀峰的石阶很陡，上下要特别小心。
两江四湖(环城水系) ★★★★
市内环形水上游览线路，两江四湖指漓江、桃花江、木龙湖、桂湖、榕湖、杉湖。一个免费开放的市内公园，晚上的夜景很漂亮
游览时间：乘船游览时间90分钟左右。
门票：149元/人（普通船），155元/人（空调船）
交通：杉湖知音台码头位于桂林国际旅行社北侧，乘2、23路公交车到象山公园站下车可抵达。 文昌桥码头位于文昌桥东南端桥底（华亭食府后面），乘23、16、2路公交车到文昌桥站下车可抵达。解放桥六匹马码头位于解放桥东南端桥底，该处有六匹铜马为标识，乘11、31、10、14、18路公交车可抵达。
景区电话：0773-2837666
欣欣旅游网小提示：船票在滨江路桂林国旅一楼、桂林大世界大厦一楼等处购买。其实绕着桂湖、榕湖、杉湖步行也蛮好的，不花钱。
景点介绍


阳朔主要景点介绍：
1.世外桃源 ★★★
门票：50元。4A景点，导游员的素质不错，感觉有点贵，不够自然。距离市中心48公里，游览时间45分钟。
2.山水园 ★★
门票：30元 。门票贵了，早晚进去免费的。游览时间约1小时，阳朔水东门码头上面。
3.印象刘三姐 ★★★★
门票：188元 。张艺谋导演的确实不同，场面宏大，除去价格因素以外是非常不错的，男士一定不要忘记带上望远镜。游览时间约60分钟，县城乘坐电平车1元可以到。
4.大榕树 ★★
门票：18元 。就看这一颗树，太不值了，价格高了。距县城7公里，游览时间30分钟
5.月亮山 ★★★★
门票：18元 。阳朔必游景点，很好的攀岩场所。距县城7.3公里，游览时间 1小时

有这样一句话：No bike trip!No Yangshuo!不了解的人投诉是吹牛，但这的确是到阳朔旅游的""驴友们""的心声，最先，bike是来阳朔旅游的背包老外所最愿意采用的，等到国内的驴友们来到阳朔时，也迷上了这种旅游方式。租上一辆自行车，只要时间允许，您可尽兴地走村访寨，或独自闲游，或结伴同行，轻便快捷，自由自在，无拘无束。特别是弄上一辆双人（或三人）座自行车""招摇过市""，更是浪漫哦！更何况骑自行车也是最经济的方式。在西街租一辆不错的自行车每天的租金大约10元左右,和朋友或情人轻松骑遍县城周边的乡村田野,或许这次旅行就能成为你一生不朽的体验。
骑行线路推荐
骑行路线1：阳朔－大榕树－月亮山－月亮山村－釜山寺－燕村－田家河－阳朔
骑行距离：约20公里，有公路和乡村小道
路线特点：经典的骑行路线，有阳朔最好的山水风景、田园风光和牧童水牛
体力要求：非常休闲，适合一般体力的旅行者
从阳朔出发，沿着阳朔到荔浦的公路骑行20分钟可到工农桥，工农桥一边是景点""骆驼过江""，一边是遇龙河和金宝河的交汇处，两边的景色都美不胜收。
沿公路前行约500米就是大榕树景区，门票18元。从大榕树前行约1公里就到了著名的月亮山，从月亮山左拐，骑过赏月路就是月亮村，村子是观赏月亮山的绝佳位置，近些年村民开设了许多家庭旅馆和饭店，供旅行者休息和午餐。在农家院中边吃饭边观赏月亮山，那绝对是个不错的选择 。
饭后沿原路返回到公路，沿釜山寺前的乡间小路前行，过一座石拱桥就是燕村，燕村村口有小卖部，有各种饮料出售，稍微休息一下继续前行，就道了景风极好的田家河，你可以把单车靠在路边，下到田家河的水坝上看风景。一般到此时已是下午，田家河的日落是非常吸引人的，静静的河水，走过水坝的牛群，在夕阳的映照下显得祥和而从容。
前行就矮山了，出了矮山就是公路，沿公路骑行5公里就可回到阳朔。
骑行路线2：阳朔－工农桥－河边小别墅－阳朔胜地－同门岩－风楼村－月亮山－大榕树－阳朔
骑行距离：路程来回近20公里
路线特点：基本围绕大榕树景区
体力要求：非常休闲，适合一般体力者
从阳朔出发到工农桥后右拐，前行500米可到河边小别墅，这是个由过去抽水站改建的小旅馆，前面是遇龙河，有很多个竹排停在水边，有条拦河坎一直通到田野里，视线非常开阔，临河的阳台上摆着桌椅，可以边品着5元一壶的茶，边欣赏风景。
推车从拦河坝上过河，或是从右岸沿河边小路前行，竹林很多，前行1公里可到阳朔胜地，从阳朔胜地午饭后，花1到2元钱可到对岸（枯水的季节也可以从拦河坝上走过），再顺着遇龙河边的小路前行，不到1公里可到同门岩攀岩点，每天都可以看到来自世界各地的攀岩者。山下有个天然的石洞穿过小山，里面有水泥做的长长的台子和凳子，是攀岩者用来休息的地方。从同门岩左拐沿山间小路前行500米可到月亮山后的凤楼村，沿公路往回走可回阳朔。
骑行路线3：阳朔－福利－车郎山－兴坪－石头城－葡萄－阳朔
骑行距离：单程约60公里，需两天完成。
路线特点：沿途田园风光不错，兴坪－葡萄一段路很难走，徒步和骑单车游客都很少
体力要求：对体力要求很高，适合经常骑单车越野的好手
早上从阳朔出发，沿观莲路前行10分钟可到阳朔大桥，阳朔大桥附近是看县城及碧莲峰的好地方，右手边的书童山，也是阳朔精典的风光。过隧道后半小时可到福利古镇，古镇江边的风光不错，并有数条老街可细细品味，镇上有不少做大扇子的作坊可参观。
出古镇左拐就是去兴坪的公路，前行20分钟可见东郎山，右边是车田风光，往前经古风亭、西山，约3小时可到兴坪古镇，游览兴坪老街，在码头附近吃午饭，靠码头有几家专为旅客设置的小饭店，中西餐都有，邮电招待所附近有几家大排挡不错，较那些专为游客准备的小饭店便宜一些。
码头旁的老山寨是个观光兴坪美景的好地方，爬到山顶需半个小时，坐在山顶观日出是个不错的选择。走过兴坪大桥前行500米的朝板山房也是个观光风景的好地方，夏天会有很多的人在此游泳。
晚上可宿兴坪休整，码头上有几家小旅馆，一般价格在20~50元，条件不错，码头对面的大河背村有家农庄也很不错，住宿费每人约10元。
第二天一早看完兴坪日出，连车带人坐摆渡到过对岸的大河背村，沿村中的小路骑行20分钟可螺狮岩，然后过大洲岭，开始推车上山，脚下是清代古道，石板石城，约1公里，走完这段清代古道就到了黄泥田，从黄泥田，村往上也是缓缓的上山泥路，平缓的地方可以骑行。半个多小时可到大岭头，村旁的荷苞山是个观风景的好地方，登上约200米高的荷苞山，漓江山水的精华""黄布倒影""及""九马画山""就在脚下不远的地方，著名的""下龙风光""也可在此处欣赏。
从大岭头村到古石头城都是山间耕路，道路忽上忽下，2个小时可到。石头城到葡萄约7公里，需骑行大约1个多小时，接近下山的时候景色不错，开阔的田野，春天可看到一眼望不到边的油菜花，秋季可看到金黄的稻田。
到葡萄就到可桂阳公路，顺着公路过世外桃源、五里店、白沙可回到阳朔。
从桂林到阳朔，可以在桂林火车站南广场坐到阳朔的班车，6：30～21：30，每15分钟一班，票价10元。或者在桂林汽车总站乘快巴车，票价13元。从阳朔到桂林市区，可以有两种选择，一是乘坐私营的中巴，10元，中间兜客，到桂林火车站，一是坐公营的中巴，13元，直达桂林汽车站。
从广州、深圳、梧州等地也有到阳朔的长途卧铺客车，豪华车到深圳220元左右，到广州150元左右，普通车便宜些，时间大约在10小时左右。
阳朔汽车站 地址：阳朔县蟠桃路 电话：0773－8822188
水运
桂林至阳朔的漓江旅游船每天都有，时间一般为9：00～10：00，从磨盘山码头、竹江码头乘船，行程4小时左右到达阳朔。
住宿情况:
阳朔住的地方很多，但最好是住在西街，其次就是县前街，这两条街上的酒店、客栈一间连一间，只要自己喜欢，可以一家一家进去看，或者一家住一个晚上，不管哪一家都能带来舒适和愉快。
如果有大把时间，甚至可以在阳朔的小巷中找一处家庭旅馆，租一个月也只有500元，推开窗子就是西街的热闹，掩上门又可以安静地入睡。旅游小贴士
场馆表演内容：
1、海洋剧场潜水表演：五环奥运、嫦娥奔月、美人鱼、喂鱼
时间为每天9:00，10:00，11:00，14：30，15：30，16：30
2、动感4D影院：惊险刺激的特种动感电影，每场15-20分钟，随机播放。
",飞机，公路，铁路，水运都可以到达桂林。,参考各景点具体的开放时间 ,     桂林山水包括漓江，叠彩山，象山公园等，门票到各景点售票处购买。 , 23 ,390,390,4
桂林市漓江景区, 广西·桂林 广西桂林市象山区安新北路727栋 ,桂林,NA,"桂林漓江风景区是世界上规模最大、风景最美的岩溶山水游览区，千百年来它不知陶醉了多少文人墨客。桂林漓江风景区以桂林市为中心，北起兴安灵渠，南至阳朔，由漓江一水相连。桂林山水向以“山青、水秀，洞奇”三绝闻名中外。桂林漓江风景区游览胜地繁多，在短期内只能择其主要景点进行游览，其中一江（漓江）、两洞（芦笛岩、七星岩）、三山（独秀峰、伏波山、叠彩山）具有代表性，它们基本上是桂林山水的精华所在。旅行社组织的桂林两日游，一般是第一天游独秀峰、叠彩山、伏波山、七星岩和芦笛岩；第二天起由漓江去阳朔。
【漓江景点】
象鼻山：
象鼻山在桂林市的漓江与桃花江汇流处，山似伸着长鼻在江边饮的大象。明孔镛《象鼻山》诗云：“象鼻分明饮玉河，西风一吸水应波。青山自是绕奇骨，白日相看不厌多。”象鼻下有水月洞，山上有明代新建普贤塔。
訾洲：
訾洲在象鼻山对岸，为漓江和支流间的沙洲。烟雨空蒙之时，訾洲如盖皱纱。“訾洲烟雨”为“桂林八景”之一。唐朝桂曾观察使斐行立，在洲上修筑亭台楼阁，营造风景，盛极一时。文学家柳宗元应请作《訾家洲亭记》，对桂林之山作了生动的描写：“桂州多录山，岁地峭竖，林立田野。”
斗鸡山
斗鸡山在漓江东岸的穿山与西岸的龟山，形如隔江相斗的两只雄鸡，合称斗鸡山。观赏斗鸡山，须待游船行过，回首观望。
净瓶山
净瓶山在漓江右岸一山，像半边古式瓷瓶，倒卧江中，被江水洗濯十分洁净，固名净瓶山。春夏水涨，倒映江中，山影相接，浑然一体，古朴雅致
父子岩：
在漓江与良丰江汇流处有一山，名父子岩，洞中有块巨石，像光头老人的是父亲，洞口一小石似小孩的是儿子，传说他们父子不愿为财主造船，躲避洞中，日久化为石化。
卫家渡
卫家渡在漓江东岸，原为主要渡头，公路桥建成后渐废。卫家渡土地肥沃，土质松软，宜种马蹄。品格最高的，色红、形扁、蒂短、皮薄、味甜、汁多、无渣，可生吃也可熟吃，远销世界各地。“桂林马蹄”名闻遐迩，主要产地在卫家渡。
奇峰镇：
奇峰镇镇外奇峰林立；剑戟千重，诗云：“奇峰镇外看奇峰，万点尖峰锁碧空，”群峰之中，高峰上有一个透明大洞，是传说中伏波将军“一箭穿三山”所射穿的第二个洞，像是月亮挂在山上，称为奇峰挂月。
黄牛峡：
船往下行，迎面九个山峰像九头黄牛，此处名黄牛峡。这些山峰，像给雷劈去了半边，故又叫雷劈山；再看这些雷劈似的山峰，又若展翅欲飞的蝙蝠。因此亦叫蝙蝠山。从这里开始，两岸石山连绵，峰峦耸峙。
猫儿山
那是个林丰木秀，空气清新，生态环境极佳的地方。漓江上游主流称六峒河；南流至兴安县司门前附近，东纳黄柏江，西受川江，合流称溶江；由溶江镇汇灵渠水，流经灵川、桂林、阳朔，至平乐县恭城河口称漓江；下游统称桂，至梧州市汇入西江，全长约437公里，流域面积约5585平方公里。从桂林到阳朔约83公里的水程，堪称漓江精华。
【刘三姐相关传说】
相传刘三姐为唐代壮族农家女，年幼聪颖过人，被视为“神女”。十二岁能通经传，指物索歌，开口立就。自编自唱，歌如泉涌，优美动人，不失音律，故有“歌仙”之誉。十五岁时聘于林氏，唐开元十年（722年），为抗拒林氏逼婚，与情人张伟望出奔，不知所终。民间多以为双双成仙而去。广西宜山壮族传说，刘三姐生于唐中宗神龙元年（705年），从小聪慧过人，能歌善唱。12岁即出口成章，妙语连珠，以歌代言，名扬壮乡。后曾到附近各地传歌。慕名前来与她对歌的人络绎不绝，但短则一日，长则三五天，个个罄腹结舌，无歌相对，无言以答，羞赧而退。然而她的才华却遭到流氓恶霸的嫉恨，后被害死于柳州。传说她死后骑鲤鱼上天成了仙。也有的说她在贵县的西山与白鹤少年对歌七日化而为石。还有的说财主莫怀仁欲娶她为妾，三姐坚决反抗，莫怀仁买通官府迫害三姐，三姐乘船飘然而去，等等。

","1、普通船到阳朔龙头山码头下，豪华船和超豪华船在阳朔碧莲峰码头下。
2、如果自行购票，市区没有公车到码头，只有早上打的前往，出租车费用70元左右。",NA,NA,NA,331,331,3
桂林宋城千古情, 广西·桂林 广西桂林市阳朔县千古情大道 ,桂林,演出,"由宋城演艺和桂林旅股联合打造的桂林千古情景区，再现了桂林的历史文化与民族风情，老少同乐、晴雨皆宜。核心演出大型歌舞《桂林千古情》是一生必看的演出，视觉盛宴，心灵震撼，唱响了一曲感天动地的桂林千古传奇。
景区一切以游客为中心，拥有上万平米全室内空调开放的3号秘境旅游综合体、风雨廊、五星级标准洗手间。巨型歌仙造像气势宏伟，与桂林山水融为一体，是八桂大地真善美儿女的化身。景区内鬼屋、清明上河图电影馆、奇妙街等数十项高科技和儿童体验项目妙趣横生。阳朔古村营造了独特的农耕市井生活风貌，市井街、风情街内爷爷的酒缸、奶奶的糕点、爸爸的玩具等手工作坊留住乡愁、寻找父辈的记忆。东街云集了湘菜、粤菜等全国特色美食和小吃。情人港、4号海湾是年轻人休闲的好去处。不能错过的就是精彩指数七星级的大型歌舞《桂林千古情》，还有六星级的5D实景剧《大地震》，以及《锅庄狂欢》等数十大演艺秀和科技秀，感受一场文化与科技的饕餮盛宴，让你流连忘返。
还有即将开放的不夜城酒吧街，与千古情景区一起成为阳朔真正的不夜城，给我一天，还你千年！
",NA,,     暂无 , 20 ,328,328,2
阳朔西街, 广西·桂林 桂林市阳朔县 ,桂林,古城 民居,"西街被戏称洋人街，位于广西壮族自治区阳朔县，已有1400多年的历史。

在全国叫西街有很多地方。其中最为出名的为广西壮族自治区桂林市阳朔县西街，阳朔西街被戏称“洋人街”，已有1400多年的历史。另有黟县西街、宜阳西街和襄城西街、泉州西街等等，都有传奇历史故事。

阳朔西街又被戏称洋人街。不到1公里的阳朔西街，由石板砌成，呈弯曲的S形。街上摆满了各种旅游纪念品。西街是外国人在中国最密集的一条街，每年来这里居住休闲游的外国人相当于这里常住人口的三倍。西街是全中国最大的外语角，其涉外婚姻比例之高为全中国之最。为此，旅游界专家、学者称之为“中国旅游业中的阳朔现象”，中国的“地球村”。这种现象引起中国人的关注，世界的关注。其充满了异国情调的夜景更是风情万种。

西街上的饭店、餐馆、网吧、酒吧等等都是中西合璧的，几乎所有的招牌都是中英文对照，从老板到服务员到街边的小摊大妈都能说一口流利的英语，这里已经没有地域的差异了，闲散、悠闲的生活，让很多到这里旅游的游客久久不想离去。“偷得浮生几日闲”，也许在这里才能感受到什么是生活。

阳朔县“桂林山水甲天下，阳朔堪称甲桂林”阳朔位于桂林市南面63公里，是最早确定的“国家级风景旅游名胜区”之一，是一座有2000多年历史的漓江边最美的城镇，媲美桂林，游人如云。不到一公里的阳朔西街，位于县城中心，全长517米，宽8米，大理石路面，呈弯曲的S形，房屋建筑古色古香，地方特色浓厚。荟萃各种旅游纪念品、小吃于街市。其充满了异国情调的夜景更是风情万种，风俗浓郁。
",位于阳朔县城，交通文便。从阳朔县城可乘公交车回桂林市，一个小时就到，14元/人。从桂林阳朔西街至阳朔，如果走陆路的话，可在桂林火车站广场的右侧乘中巴前往阳朔，车费14元。从桂林前往阳朔，也有直达的游船，费用约180元，景色最美的一段在阳朔境内自草坪——杨堤-九马画山-兴坪-渔村,24小时开放 ,       免门票 , 15 ,305,305,5
桂林龙胜龙脊梯田, 广西·桂林 龙胜县东南部和平乡境内的平安村 ,桂林,民居,"龙胜县龙胜梯田群规模宏大，全部的梯田分布在海拔300－1100米之间，最大坡度达50度，一层层从山脚盘绕到山顶，层层叠叠，高低错落。其线条行云流水，其规模磅礴壮观。是桂林旅游的一个重要组成部分。
龙胜梯田景区由A区和B区组成，A区的居民以壮族为主，B区的居民以红瑶为主。龙脊的壮族是北壮的代表，是广西壮族服饰、建筑保持最完整的地区之一，服饰独特，壮寨的吊脚楼更是风情独具，在这里你可以看到古朴的壮族民间舞蹈和保护完美的壮族服饰，可听到优美的壮族山歌、享受原汁原味的壮族风情，拙朴风趣风格各异的俗铜鼓舞、师公舞、打扁担舞令人耳目一新，此外，充满情趣的壮族民居旅馆，香纯味美的龙脊茶和龙脊辣椒，沁人心肺被誉为“东方魔水”的龙脊水酒。红瑶因妇女喜欢穿红色绣衣而得名，红瑶女子服饰鲜艳美丽，长发盘得像乌龙缠绕，红瑶的歌舞曼妙优雅，红瑶的礼俗古朴奇特，与壮族的礼俗相映成趣。
龙胜梯田的景色随季节的更替而变幻无穷。开春之际，灌满水的层层梯田映衬着天光，如同根根银带相叠；夏日骄阳似火，绿油油的禾苗随着微风翻卷着道道绿波；金秋流光溢彩，漫山铺金，层层梯田若级级金阶，梯田环绕的山峰又似座座金塔；隆冬，银装素裹，把梯田和山寨都嵌入了冰雕玉砌的童话世界里。在错落有致的梯田间、在蜿延曲折的山路上、在炊烟袅袅的山寨里，偶见瑶女壮妹身背竹篓，款款而行；在流泉飞瀑下，溪水潺潺中，时有红瑶妇女洗梳长发，玩水嬉戏，不时飘来几缕悠扬纯朴的山歌声，令人陶醉其间。
历史
龙胜梯田开造始于元代，数百年来，历尽沧桑。居住龙胜梯田在这里的壮族、瑶族人民，祖祖辈辈，筑埂开田，向高山要粮。从水流湍急的溪谷到云雾缭绕的峰峦，从森林边缘到悬崖峭壁，凡是能开垦地方，都开凿了梯田。经历了几百年、多少代人的努力，使龙胜梯田日臻完美，形成了从山脚一直盘绕到山顶，“小山如螺，大山成塔”的壮丽景观。由于是依山而建，因地制宜，因此这些梯田大者不过一亩，小者仅能插下两三行禾苗。
传说
在这梯田的海洋里，龙胜梯田最大的田不过一亩，大多数田都是只能种一二行禾的“带子丘”和“青蛙一跳三块田”的碎田块。
据说当地曾有一个苛刻的地主交代农夫说，一定要耕完206块田才能收工，可农夫工作了一整天，数来数去只有205块，无奈之下，他只好拾起放在地上的蓑衣准备回家，竟惊喜地发现，最后一块田就盖在蓑衣下面！
无法想象，800多年以前，第一批到达龙脊的壮民和瑶民面对横亘在面前的深山，是如何咬紧牙关，依靠最原始的刀耕火种，开垦出第一块梯田的。
稻米的诱惑实在是太大了，也许未加考虑，他们的子孙便接过父兄手里的锄头，日复一日，年复一年。他们最心满意足的事，是不是就在耄耋之年和重孙玩耍时，又听到孙子传来的又开垦出一块新田的好消息呢？
元代到清初，整整650年。当初龙脊开山造田的祖先们没有想到，他们用血汗和生命开出来的梯田，竟变成了妩媚潇洒的曲线世界。
水无涓滴不为用，山到崔嵬犹为耕。只有生命，才能创造如此辉煌的奇迹。我和母亲心中被遗忘很久的幸福和感动，悠悠如浪花般扩散开去。第一次，为身为万物之灵的人类深感骄傲。
",,,     80元 , 50 ,359,359,3
两江四湖·象山景区, 广西·桂林 广西壮族自治区桂林市桃江码头/南门桥码头 ,桂林,游船,"两江四湖新景区--桃花江山水画廊游览线路的开通实现了乘船从象鼻山直达芦笛岩，形成了桂林环城水系游的新格局。两江四湖二期桃花江环境综合整治工程，是两江四湖一期工程建设的延续和拓展，桃花江与四个内湖的连通，构成两江四湖二环水系。
桃花江又名阳江，“阳江秋月”是桂林八景之一。因旧时桃花江畔遍植桃花，映照一江绮丽，故得桃花江之名。桃花江江流平缓，清幽恬静，沿岸山峰倒影如画；河道九曲十八弯，一弯一景，景色十分迷人。有诗云：“秀丽桃花江，美人曳长裙” ，把桃花江比喻成拖着飘逸长裙的美女，摇曳多姿。桃花江山水画廊两岸生态环境极佳，呈现“千峰环野立，一水抱城流”，宛如桂林城的水上回廊。
游客乘船在此中前行，画里青山，水中乡村，构成一幅美妙的山水图画。这里不仅有明代旅行家徐霞客的足迹，抗战时期李宗仁代总统的公馆，侗族的风雨桥，还有沿岸乡村鲁家的豆腐、巫山脚的桂林米粉，以及桂剧、彩调、文场、渔鼓、零零落等桂林地方戏曲。桃花江山水画廊呈现的是都市的自然生态，城市中的山水风光。
桃花江流经的都是石灰岩地区，江水清澈、水流平缓，牯牛山、中隐山、狮子岩、西山、青秀山、甲山沿岸耸立，落影水中。行程中，处处可见独具匠心的景致。文化美、园林美、生态美始终贯穿其中。西门桥头附近，在宋代曾经是船泊处，也是桂林名人赵观文曾经停留的地方，建设者专门在此修建了两艘石船，既为恢复古迹，为百姓提供一个休闲场所，也会在晚上进行民乐表演，为桃花江流域增添文化底蕴。
工程建设者引入了“四季有花，四季有色”的理念，并加入苏州园林中“移步换景”的概念，让游览者在不同地方看到的景色都不同。篦子园水域，以往两岸都是防洪堤坝，工程建设者在此使用了叠石堆土的办法，植入了很多树木，还修葺了一些栈道，使两岸成为了一个山水画廊。风雨桥，引用的是侗族的建筑风格，被灯光装饰成金银二色。“两江四湖”二期桃花江干流两岸，灯光每隔一段时间便会改变，这是建设者为了让景色更为丰富而进行的技术升级。

",自驾：桂林绕城(西)/衡阳/机场方向：桂林绕城高速公路—桂林/龙胜方向—僚田互通式立交中桥从入口进入机场高速公路—榕山路/金水路方向—鲁山路—琴潭路—翠竹路—环城西二路—桃花江桥右转进入九岗岭路—桃江码头。,①山水画廊夜景游：19:50、20:10(约90分钟) ②阳江渔火夜景游：20:00(约70分钟) ③山水画廊精华游：9:30、10:30、14:30、15:30(约70分钟) ,     欣欣价-日游四湖豪华船（成人票）：48元起（省22元）； , 60 ,308,308,5
阳朔《印象刘三姐》山水实景演出, 广西·桂林 广西桂林市阳朔田园路39号中国漓江山水剧场 ,桂林,演出,"中国阳朔.刘三姐歌圩山水剧场坐落在阳朔城东漓江与田家河的交汇处，由书童山、玉屏峰、雪狮岭等十二座山峰和1.654平方公里水域构成。
印象刘三姐是中国漓江山水剧场之核心工程，由桂林广维文华旅游文化产业有限公司投资建设、我国著名导演张艺谋、王潮歌、樊跃出任总导演，国家一级编剧梅帅元任总策划、制作人，历时五年半努力制作完成。它集漓江山水、广西少数民族文化及中国精英艺术家创作之大成，是全国第一部全新概念的“山水实景演出”。演出集唯一性、艺术性、震撼性、民族性、视觉性于一身，是一次演出的革命、一次视觉的革命。是桂林山水的美再一次的与艺术相结合的升华表现。
印象刘三姐是全球最大的山水实景剧场、历经5年零5个月、1 .654平方公里水域、12座著名山峰、67位中外著名艺术家参与创作、109次修改演出方案、600多名演职人员参加演出。这部作品于2004年3月20日正式公演；世界旅游组织官员看过演出后如是评价：“这是全世界看不到的演出，从地球上任何地方买张机票来看再飞回去都值得”，议为世界旅游组织目的地最佳-休闲度假推荐景区；2004年11月以桂林山水实景演出《印象刘三姐》为核心项目的中国漓江山水剧场荣获国家首批文化产业示范基地。
在方圆两公里的阳朔风光美丽的漓江水域上以十二座山峰为背景，广袤无际的天穹，构成了迄今为止世界上最大的山水剧场。传统演出是在剧院有限的空间里进行。这场演出则以自然造化为实景舞台，放眼望去，漓江的水，桂林的山，化为中心的舞台，给人宽广的视野和超人的感受，让您完全沉溺在这美丽的阳朔风光里。传统的舞台演出，是人的创作，而“山水实景演出”是人与上帝的共同的创作。
山峰的隐现、水镜的倒影，烟雨的点缀，竹林的轻吟、月光的披洒随时都会加入演出，成为最美妙的插曲。晴天的漓江，清风倒影特别迷人；烟雨漓江赐给人们的都是另一种美的享受；细雨如纱，飘飘沥沥；云雾缭绕，似在仙宫，如入梦境。演出正是利用晴、烟、雨、雾、春、夏、秋、冬不同的自然气候，创造出无穷的神奇魅力，使那里的演出每场都是新的。
演出以“印象刘三姐”为总题，在红色、白色、银色、黄色四个“主题色彩的系列”里，大意地将刘三姐的经典山歌、民族风情、漓江渔火等元素创新组合，不着痕迹地融入山水，还原于自然，成功诠释了人与自然的和谐关系，创造出天人合一的境界，被称为“与上帝合作之杰作”。

",自驾：桂林绕城(东)/阳朔/梧州方向：朝阳朔/梧州方向—包茂高速公路—阳朔/荔浦/G321出口离开—工农桥—终点。,①4月—10月：第一场20:00、第二场21:30； ②11月—3月：第一场19:45、第二场21:10(每场表演约为70分钟)。 ,"     普通席：200元
新贵宾B2席：240元
A.免费政策：儿童身高1.2以下免票
B.优惠政策：儿童身高1.2—1.4米之间购儿童票(不占座)。 ", 10 ,328,328,3
桂林象鼻山, 广西·桂林 广西壮族自治区桂林市滨江路 ,桂林,洞穴 避暑 红色旅游,"象山公园地处广西桂林市中心的漓江与桃花江汇流处，占地面积11.88公顷，山因酷似一只站在江边伸鼻豪饮漓江甘泉的巨象而得名，被人们称为桂林山水的象征。园内自然山水与人文景观交相辉映，山、水、洞、岛、亭、台、坪、径、文物、古迹相映成画，美不胜收，令人心驰神往。象鼻山又名象山，是公园的主要景点，其山形酷似一头驻足漓江边临流饮水的大象，栩栩如生，引人入 胜，被人们美誉为桂林市的城徽。山体前部的水月洞，弯如满月，穿透山体，清碧的江水从洞中穿鼻而过，洞影倒映江面，构成“水底有明月，水上明月浮”的奇观，“象山水月”因之成为桂林山水一绝。水月洞的幽奇迷纪令古往今来的墨客骚人文思泉涌，洞内外石壁上留下了历代石刻文物50多件，多为宋代镌刻。象山南麓，有始建于唐代的云峰寺，象山的东、西麓，艾有石级曲折百上。山顶平展，树木成荫，小径通幽；明代建筑普贤塔耸立于此，塔高10余米，因塔身的正北面嵌有青石平雕的普贤菩萨像而得名，普贤塔形似剑柄，又似宝瓶，古朴凝重；游人立于山顶，神清气爽，极目远眺，桂林山城美景尽收眼底。自然景观，人文景观交相辉映，使得古老而年轻的象山魅力独具。象山公园常举办各类花展，游人徜徉其中，但见山之奇峭、水之碧透、洞之清幽、花之娇媚，几疑身处仙境，流连忘返。桂林之旅，从象山公园开始。
从滨江路步行下江岸，能一览象山全景，“象汲长波，洞生明月”，象山公园的第一景便是“象山水月”。距今1.2万年左右，地壳抬升，漓江水面由2千米宽度不断缩小，江水在山体东麓冲刷溶蚀出一个长17米，宽9.5米，高12米，位于象鼻与象之间通透圆洞，即“水月洞”，又名朝阳洞。江水穿洞而过，山洞如明月浮水。有诗赞曰：“水底有明月，水上明月浮。水流月不去，月去水还流。”与象山隔河相望的訾洲翠竹簇簇，果树葱葱，竹篱茅舍掩映其间。若是雨季，云蒸雾腾，村舍与绿树皆似披上一袭轻纱，古人称之为“訾洲烟雨”。将其列为桂林八大胜景之一。此时的巨象仿佛被赋予了生命，在烟雨中惟妙惟肖。象山水月被视为桂林的象征，是中外游客最为神往的风景点。
象鼻山看点：
水月洞
在象鼻山的象鼻和象腿之间。距今约1.2万年前， 地壳抬升，漓江缩小，加速了水月洞的发育, 形成一个东西通透的圆洞。长17米，宽9.5，高12米，面积约150平方米。《象山记》载， “有石穴一，彼此可以相望, 形圆而长，其半入于漓水中，水时高时下，故其穴亦时有大小”。
水月洞洞口朝阳，亦名朝阳洞。但洞在水上, 如明月浮水，十分形象, 所以水月之名，一直沿用至今。“象山水月”是桂林山水一大奇景, 文人学士属文赋句，莫不叹为观止。宋蓟北处士《水月洞》诗有“水底有明月，  象鼻山水上明月浮。水流月不去，月去水还流”之句，细致刻画了天上、洞中，水底月亮相互辉映的奇迹。象山的水月与南望的穿山月岩相对， 一悬于天, 一浮于水，形成“漓江双月”的奇特景观。
宋代在洞中建朝阳亭，清代改称得月楼，已废。洞内有张孝祥《朝阳亭诗并序》、范成大《复水月洞铭》、陆游诗稿手札等摩崖石刻50余件。
朝阳亭
在像鼻山水月洞内，始建于宋，亭已早废，但远在800多年前，围绕水月洞的命名，两位桂州前后任的地方长官之间展开的一场背靠背的笔墨官司，一直成为到此游览的人们永恒的话题。原来，南宋乾道二年(公元1166年)，张孝祥游水月洞留连至晚不归，不久再度重游， 一高兴题诗作序，因洞口东向，把亭名、洞名、岩名统统已为“朝阳”，并把记述其事的《朝阳亭诗序》该在水月洞北壁。其后, 范成大主桂，持不同意见，恢复了原名，写下《复水月洞铭》，并镌在洞的南壁。
象眼岩
象眼岩位于象鼻山山腰南北两侧， 互相贯通，高约2米，宽5～10米，长52.8米，呈扁长形，面积约274平方米。象眼岩原是一段不长的古地下河道，形成年代比水月洞早，因部位恰巧在象眼处而得名。从象山南麓南极洞口，沿石级可登上南眼。出象眼岩，盘山道可达山顶。北眼悬崖峭壁，无磴可通。象眼岩南北两洞，是一对眺望风景的绝妙窗口。从左眼张望，高耸的漓江饭店近在咫尺，城区楼宇街市鳞次栉比，半城山芭历历在目；从右眼远眺，江波帆影， 闪烁隐现于訾洲、塔山、穿山之间。 云崖轩 宋代园林建筑。明张鸣凤《桂故》载： “故宋提刑方公信孺即南壁下建精舍以居, 曰云崖轩。轩废已久。”根据方信孺《题云崖轩》和邵以仁在方所镌诗之前便建“古云崖轩”的记述。云崖轩确建何时无可考。方信孺诗有“不用穷探费杖藜， 隐然林壑挟城陴。曾尊月洞千岩上, 更著云崖一段奇”之句，说云崖轩建在象山麓是可信的
普贤塔
普贤塔远看像插在象背上的剑柄，又像一只古雅的宝瓶，因此称“剑柄塔”，或“宝瓶塔”。 该塔建于明代，塔高13．6米，塔基为双层八角须弥座，在第二层基座正北面，嵌有青石浅刻的南天普贤菩萨像。普贤塔位于象山之颠，不仅与桂林山水的传说相吻合，又印证了普贤菩萨乘大象之说，而大象驮宝瓶，在亚洲各国的许多传说中，也象征着和平、美好和幸福。象鼻岩与水月洞相邻，在象鼻山的象鼻稍后处而得名。岩高1.9米,，宽3.3米，长约13.5米， 面积44.5平方米。岩口面江， 东向，呈条形封闭状态, 是内凉、眺望江景佳处。明代学者毛宾泉曾在此读《周易》后人在岩口刻“读书岩”3字，并称此岩为“点易山窗”。万历丁丑(1577)春正月中进行修整， 有“宾泉山人开深此洞”题名石刻。明诗人张襄《访毛宾泉点易山窗》诗, 有“千顷水光涵洞府”， “山窗寂静观周易”句，详见水月洞摩崖石刻。
","自驾路线：
①下机场高速后沿翠竹路行至上海路口，左转（下立交桥），行至民主路的象山广场（景区停车场）
②（自驾车）近 “滨江路”与“民主路”交叉
乘车路线：
起始地点——名称/位置——距景区公里数——如何到达景区
机场——两江机场——35——在机场乘坐机场大巴至桂林民航大厦转16路公交车
火车站——桂林站——1——在火车站对面公交车站乘坐16路公交车
市中心——中心广场——小于1000米——从中心广场走至正阳步行街南端，再向东走200米",淡季：7:00—21:30（12月- 3月为淡季），旺季6:30—21:30(4月-11月旺季) ,"         80元
A.免票政策：儿童身高1.2米（含1.2米）以下或6周岁（含6周岁）以下免票； 残疾人凭《中华人民共和国残疾人证》游览景区享受免票。
B.优惠政策：现役军官免票、革命伤残军人、烈属凭证可免费进入七星景区、伏波山、叠彩山、象鼻山，按门市价半价购买芦笛岩门票 ，6周岁至18周岁（含18周岁）的未成年人，全日制大学本科及以下学历学生按门市价半价购买门票。 ", 23 ,353,353,3
桂林七星公园, 广西·桂林 位于广西桂林市漓江东岸 ,桂林,山脉 石刻 公园,"七星公园位于桂林市漓江东岸，因有七星山而得名，是桂林最大的综合性公园。普陀山是七星公园的主山，著名的七星岩就在普陀山腹、 七星山七峰并峙，宛如北斗七星座；北四峰象斗魁，称普陀山，南三峰象斗柄，称月牙山，山多溶洞，岩洞雄奇深邃，洞中石钟乳、石笋、石柱、石幔……千姿百态、蔚为状观。小东江经花桥顺月牙山蜿蜒南流，水中青峰桥影相映成趣。 七星公园具有典型的岩溶地貌景观，集山青水秀,洞奇石美四绝于一体。一千多年前的隋唐时代，七星岩就成为浏览胜地。历史上形成了“北斗七星”、“栖霞真境”、“月牙虹影”、“驼峰赤霞”、“龙隐奇迹”等名胜。摩崖碑碣有500多件，为山水增添了历史文化的光彩。
七星公园看点
七星公园因山而得名，它荟集了山、驼峰、普陀山、七星岩、月牙山以及桂海碑林等，是人们的必游之地。风景区内主要旅游景点：
七星山
在漓江东岸， 距市中心1.5公里， 由普陀山天枢、天璇、天玑、天权4峰与月牙山玉衡、开阳、瑶光3峰组成， 海拔依次为265、255、248、245、255、241、250米， 7个山尖几乎摆在一个水平上。普陀月牙， 一东一西， 相互连属， 分布如太空北斗七星， 山名以此而来。山体面积51.5公顷， 以岩多洞奇著称。七星岩而外， 有元风、玄武、白鹤洞和四仙岩、曾公岩等几十个岩洞。普陀山的石林， 突兀峥嵘。驼峰下的盆景苑， 集桂林石木之胜， 苍劲挺拔， 气度非凡。更为珍贵的， 有隋唐以来石刻500余件。
七星岩
位于七星公园普陀山腹，是国家首批AAAA级景区。 岩洞长约1100米， 最宽处54米， 最高处27米，是距今100万年的一段古老的地下河。七星岩又称栖霞洞、碧虚岩等， 七星岩之名起于宋代。该岩本为地下河床， 后因地壳变动， 地下河上升， 露出地面成为岩洞。 其后，在漫长的岁月里，雨水沿岩石缝隙不断渗入， 溶解石灰岩， 并不断在洞内结晶， 从而形成许多千姿百态的石钟乳、石笋、石柱、石幔、石花等蔚为奇观的自然景致。七星岩如今是桂林最著名的游览胜地之一。 七星岩分上、中、下三层，上层是顶穹残存的洞迹，下层是仍在发育的地下河。现供游览的是中层，最宽处43米，最高处27米，整个游程814米，洞温常年保持在20℃左右。岩洞分为6个洞天，35处景观，处处栩栩如生，形神兼备。整个岩洞雄奇深邃，如童话世界般瑰丽多姿，被誉为“神仙洞府”。早在1300年前，即从隋唐时代起，七星岩就已经成为旅游胜地，留下的题刻多达120多件。大旅行家徐霞客曾于明崇祯年间两次来这里考察，美国前总统克林顿1998年亦饶有兴味地游览七星岩，老一辈革命家叶剑英也曾写下“海洋冲刷山川洞，石乳冰凝玉塑山。幽窟千年供避难，今游人乐尧舜天”的赞美诗句。明代画家张文熙称之为“第一洞天”，并刻于石壁上，成为游人入洞观赏到的第一个景观。七星岩（“栖霞真境”第一洞天）为桂林经典八景之一。主要景点：“古榕迎宾”“江山多娇”“刘三姐歌台”“九龙戏水”“边寨风光”等。
天柱石
在七星公园西， 花桥东。石挺拔矗立如柱， 故有“天柱”之名。又如未放的芙蓉， 亦名“芙蓉石”。石高约10米， 上刻“毛泽东思想万岁”7个大字。北临灵剑江， 江中矶石上筑有小亭。东南茂树葱茏， 浓荫簇拥。石颠有小叶榕， 亭亭如盖。天柱北面刻有崇宁五年(1106)和光绪十一年(1885)的洪水标记， 是研究古代水文的重要资料。晚清著名临桂词人况周颐曾住天柱峰下， 有“天柱峰下人家”小印一枚， 常盖在词笺上。   花桥
花桥
是桂林最古老的桥，始建于宋代嘉熙年间。它位于公园正门，横跨在小东江和灵剑溪汇流处之上，全长135米。桥面有风雨长廊，桥亭覆绿色琉璃瓦，桥身为磐石，具有浓郁的民族风格。每年春夏，花开烂漫，桥畔繁花似锦，桥两岸遍植桃花、翠竹，小桥掩隐于“满溪流水半溪花”之中，花桥因此而得名。现桥是1965年依原式重修的四孔桥，青石所砌。桥下，四个半圆的桥孔与其在水中的倒影形成四个玉盘，状如满月，正如“四轮明月伴芙蓉，半入澄江半化虹”诗句中所颂的 “花桥虹影”之美景。
普陀山
是七星公园的主体。由七星山西北的天枢、天璇、天玑、天权四峰组成。海拔265米，因山上供奉观音菩萨，俗称之为普陀。普陀山景观丰富，岩洞、亭阁很多。其中七星岩最为著名，亭阁则以栖霞亭、碧虚亭一组构筑尤为别致。山的西麓有元风洞，盛夏酷暑，此处却凉风习习，从这里沿桂花林荫道北行不远是普陀门，入门上山。山上有普陀石林、普陀楼、观音洞、玄武阁等多处景观。直至天矶峰上的摘星亭，登亭极目四望，便可观赏到宋代大诗人刘克庄所写的“千峰环野立，一水抱城流”的壮丽景色。 　　普陀山 文物古迹甚多，仅石刻就有200多件，最珍贵的有唐代颜真卿的“逍遥楼”、宋代范成大的《碧虚鸣》、明代的“龟蛇合一”浮雕。
骆驼山（驼峰山）
位于普陀山后，其状酷似一只蹲在地上的骆驼。又因其像一只古代的酒壶，又称它作壶山或酒壶山。因其状态酷似骆驼， 遂名之。明代末年有江南名士隐居于此，遍种桃花。每年春天，桃花繁盛，花开如红霞一片，仿佛给骆驼山披上赤霞，景色极其优美，古人称之为   骆驼山
“驼峰赤霞”的景观，是桂林十大景之一。1998年7月，美国总统克林顿在山旁的盆景艺苑内与中国民间人士举行环保座谈会后，在骆驼山前的草坪上，发表了环保演说，并一边手摇一把桂林的折扇一边说，并诙谐地称之为“节能空调”。 　　每当晨昏， 霞光映耀山石， 色泽斑斓， 颇为壮观。明清以来， 山下遍植桃树， 若逢春至， 桃花烂漫， 江霞紫务， 分外妖娆。因此， “壶山赤霞”为清代桂林新八景之一。现山周围辟有动物园、盆景艺苑、花圃茶室等亭台楼阁。骆驼山与雷酒人有关，雷酒人又与酒有关。雷酒人，原名雷鸣春，号亮工，明末江南儒生，后流落到桂林，驻在山下。雷鸣春喜欢喝酒，常饮不醉。人们有又称他为“雷酒人”。他能诗善文，著有《大文参》、《桂林田海志》等著作。他还在山前山后，变奏植桃花，每当春天，“桃花年年烂漫开”时，驼峰在花丛中，更加生气勃勃，精神抖擞。雷酒人死后，葬于骆驼山下。文林郎广东临高县知县樊庶于康熙五十二年在骆驼山的骆驼颈部刻上“雷酒人之墓”五个字，对与他乐于助人，讲义气、重节操表示敬仰。桃花依旧， 桂树成林， 花果满园， “壶山赤霞”更加绚丽多姿。
护碑亭
在普陀山南麓山门东侧。1974年兴建， 以保护同刻在阴阳两面的唐颜真卿书“逍遥楼”和宋李彦弼的《湘南楼记》珍贵石刻， 故名护碑亭。因“逍遥楼”出自大家手笔， 碑亭又被称作“逍遥亭”。亭高4.5米， 长6.7米， 深4.6米， 面积30.6平方米， 为钢筋水泥结构的4柱、单檐、绿瓦仿古建筑， 简朴、典雅， 不与名碑争胜， 兼有护碑、会景的作用。步入碑亭， 欣赏书法艺术， 浏览方志资料， 兼得园林胜景之趣， 实在是赏心的乐事。亭内原来还有明包裕《重修广西省城碑记》， 现已他移。
摘星亭
位于海拔248米的七星山天玑峰顶， 单檐、8柱8角， 混凝土结构， 长宽各5.2米， 高6.5米， 面积27.04平方米， 建于1958年。摘星亭是七星山7座山峰唯一的高亭， 立于亭上， 可以旷观。东可眺尧山、天圣、屏风、猫儿山; 北可望虞山、叠彩、仗波、老人诸山及清澈的漓江; 西可赏象鼻、南溪诸胜， 故曾有“旷观亭”之名
三将军墓
在普陀山半山腰的博望坪。1944年11月， 在抗击日本侵略军 的桂林防卫战中，第31军参谋长吕旃蒙、防山军司令部参谋长陈济桓、第131师师长阚维雍壮烈牺牲。1946年， 国民党政府建“三将军墓”以示纪念， 蒋介石、李宗仁、白崇禧均有题字。1982年重修， 墓地呈葫芦形， 宽16米， 长20米， 占地320平方米。
月牙山
位于普陀山南面，由七星山南面七座山峰组成，因山腰有一月牙岩石，远眺如一弯新月而得名。月牙山有月牙楼，此地的素食有百年历史，尼姑面最为著名。沿山麓小道西南而行，可上到伴月亭，由此观看花桥倒映于清澈的小东江中，极富诗意。再向前不远即可达月牙岩和襟江阁。顺山势南下便进入龙隐洞。洞顶上有条天然蜿蜒的龙形石槽，洞口书有“破壁而飞”四个大字，传说此处为矫龙腾空而去所留下的“神龙遗迹”，古人由此而留下“飞腾不知几千载，至今点点龙鳞开”的诗句。   桂海碑林
桂海碑林
龙隐洞以及附近龙隐岩内碑刻如对，以至于“壁元完石”，故称桂海碑林。碑林共有石刻220多件，内容涉及经济、军事、文化、民俗等，形式多样，有诗、文、歌、赋、对联、图象等，书体有楷、草、隶、篆等，具有极高的史料价值和书法艺术欣赏价值。 　　桂海碑林碑阁内收集了桂林其它山岩上千件重要的石刻拓本，均为稀世珍品。拓自桂林城北鹦鹉山上的《靖江府城图》，是国内现存的两件最古老的古代石刻地图之一，也是我国面积最大的一幅石刻城图。这幅地图最早采用写景式符号，是地图设计史上的一个重大创举。还有唐代韩云卿的《平蛮颂》、《舜庙碑》，记载了唐王朝平定西原酋长潘长安的经过；宋代孔延之的《瘗宜贼首级记》、余靖的《大宋平蛮记碑》记述了宋王朝平定宜州欧希范的情况；南宋陈弥寿的《新建犒库记》、李曾伯的《抗元记功碑》，记载了元军进攻云南、广西、湖南，及宋军阻截的经过。
月牙楼
是桂林名楼，它坐落在月牙山的玉衡峰北麓。楼有3层，可同时容纳500人就餐。 下为餐馆、小卖部， 中为素食馆， 上为宴会厅、观景楼，二、三楼设有国宴包厢十余间。主楼长31米， 深13米， 总面积近1200平方米。楼后有架空的走廊与后山凉亭相通。整个建筑由楼、亭、廊组成，飞燕敞阁， 错落有致，古色古香， 与自然环境紧密结合。月牙楼以其传统素食著名，有桂林素食第一楼之美誉。这里的素食有100多年的历史， 独具一格。早在200余年前的清朝，月牙山下的尼姑庵香火十分旺盛，尼姑们为了答谢前来进香的客人便以素食待客，其中最为著名的“尼姑面”一直流传至今。登楼品尝地方风味的同时， 还可以观览普陀山、博望亭、普陀精舍、花桥、展览馆以及远山近景，“月牙楼”就是1963年郭沫若就餐时题写。郭沫若还题诗赞美曰： “月牙楼是画廊楼， 八面奇峰豁远眸。毋怪楼中无一画， 画图难及自然优。”   华厦之光
“华夏之光”广场
位于普陀山与月牙山之间，总面积13520平方米。它有两件大型艺术品：一是华夏之光石雕壁画，全长106米，高5米，由100多个石雕组合而成，集我国古代四大发明、科学技术等先进成果为一图，反映了中华民族五千年文明之精华；二是世纪宝鼎，其高4.6米，四足举鼎，立于圆形的花岗岩台座内，象征着国泰民安。大鼎重达24吨，是用整块曲石雕刻而成。这两件艺术品构成七星公园的新景观。
玄武洞
在普陀山北半山腰， 与白鹤洞相连。洞口向西北， 高5～6米， 宽2～15米， 深21米， 面积230平方米。洞呈喇叭形， 前大后小。洞中有全真观， 为元代所建， 明改名真武阁， 后因避讳又改为玄武阁， 洞亦更名玄武洞。玄武客早废， 抗战胜利后重盖， 1989年拆除原格， 重新修建。一偏一正， 分别为45、100平方米的仿古混凝土结构， 飞角、单檐， 高6.5米。偏客南向， 正阁西向， 均有“玄武阁”匾额。从偏阁登10数级石阶， 达正阁， 为8柱大厅， 前可凭栏眺望普陀山麓秀色， 后通白鹤洞，经四仙岩， 达名闻遐迩的七星岩。透过阁楼南窗， 可以看见明代浮雕《龟蛇合一》。
元风洞
古称玄风洞， 俗称劳动量荽岩。在普陀山西麓， 洞口西向， 高3～24米， 宽2～15米， 深250米， 面积1945平方米。元风洞与普陀山其它洞占相通， 形成空气对流， 洞口有一股强劲气流， 洞内空气清新。由于日照， 山体热量的聚散， 山洞的气温终年保持在20℃左右。洞外温度， 夏日最高达39℃， 冬天最低-5℃。洞内外温度相差15℃左右。洞内题刻的“温凉别况”以及田汝成的《游记》中“冬时温如火， 盖阳伏之征也”的记载， 准确地概括了元风洞冬暖夏凉的特点及其原因。宋诗人赵少隐曾在洞口建“来风亭”， 明吕调阳曾筑“七星庵”， 清改为“大贤庵”， 现已无存。
游乐设施
冒险树
是由桂林旅游发展投资有限责任公司与法国公司共同合作的新型户外体验项目。这是一个历史悠久的深受人们喜爱的户外探险项目，可以缓解现代人的各种压力，而特意针对儿童开发设计的线路旨在锤炼其意志力。此次“冒险树”落户桂林市七星公园，除了保留其精髓所在，还对其进行了适当的改造，使其具有“本土化”特色，更适合国人的口味，冒险树汇集了高空、速度、力量、毅力等户外探险的必备元素，以其环保、时尚、安全、其乐融融等特点风靡全球。
","1、景区内除步行游览外，可提供付费观光电瓶车全程游览。
2、公交车10路、11路、14路、18路、25路、30路、31路、98路、免费公益车52路、58路可达景区花桥大门。
3、公交车14路、25路、28路、30路、31路、98路、免费公益车52路可达景区驼峰大门。
4、公交车10路、24路可达景区栖霞大门。
5、公交车14路、25路、28路、30路、31路、98路、免费公益车52路可达景区龙隐大门。
6、景区穿梭巴士可直达景区花桥大门、驼峰大门。",旺季6：00-19：30 　　淡季6：30-19：00 　　 ,         75元（不含七星岩30元/人）(1.1米以下儿童免票，1.1-1.4米儿童半价 )。欣欣门票价格：55元起。 , 40 ,329,329,3
桂林市乐满地度假世界, 广西·桂林 中国广西桂林兴安县志玲路 ,桂林,游乐场,"孩子们的天堂，在这里到处可见孩子们及家长的欢声笑语，家庭、朋友们的之间的感情可在这里发挥得淋漓尽致、其乐溶溶。乐满地主题乐园是一个类似于美国迪士尼乐园的大型娱乐场所。包括有美国西部区、中国城、梦幻世界、海盗村、南太平洋区等特色游乐景观区。能够为到桂林旅游的朋友提供完善、多样的娱乐空间。整个园区可观、可闻、可游、可赏、可疯狂、可闲逸……是一个诞生在桂林这个山水千年不变的旅游王国的欢乐世界。
【主要景点】
灵湖
乐满地度假世界依灵湖而建。灵湖素有小西湖之美誉，水深达30米，水质清澈冰凉。静如处子的灵湖，清澈的湖水，翠柏倒影，碧波荡漾，此情此景，令人陶醉其间，乐而忘返。
乐满地主题乐园
主题乐园里撷取世界各地的梦幻情境，共分为欢乐中国城、美国西部区、梦幻世界区、海盗村、南太平洋区、欧洲区、森林游乐区7大特色主题区。
六大主题介绍：
南太平洋区（热情洋溢）
随处可见的热带风情的棕榈树、竹藤、茅草屋和一座座神秘的土著石雕及色彩鲜明的图腾，使整个南太平洋区充满了浓郁的异族情调。
美国西部探险区（狂野刺激）
让游客重回美国拓荒时期的著名采矿小镇，重现狂野刺激的牛仔街头枪战，为您揭开西部开拓中的艰苦与血腥。
中国城区（时空交错）
千年古老而神秘的中国古城，在万里长城的穿针引线下，展开时空交错的探险之旅。
梦幻界区（奇妙魔幻）
就像爱丽丝梦游仙境般，所有的东西都像糖果样的流动甜趣，老树突然开口说话，皮宝宝和你眉来眼去，一切都美妙神奇。
加勒比海盗村（探险古怪）
体验一把电影《加勒比海盗》内的惊心动魄的场景。
欧洲区（高贵典雅）
欧洲区为2003年9月新建设的主题区。这里呈现给游客的是欧洲中古世纪城堡建筑，高耸的尖塔、墩柱、贺形城堡及护墙、交叉的拱顶、喷泉，无不透出高贵典雅的欧式建筑风格，体验圣战骑兵所带来的疯狂感觉。
丽庄园木屋别墅区
由木屋区构成整个度假区的主线，宛若置身于童话世界美丽的城堡中。另有数百座露营平台及大型篝火场，可以进行烤肉和大型的篝火晚会。
乐满地高尔夫俱乐部
乐满地高尔夫球场为国际标准27洞美式丘陵球场。前9洞以山景为主，球道的丘陵造型与四面起伏的环山相互辉映，形成一幅最佳的自然景色。后9洞以湖景为主，球道沿着自然的湖岸设计，有过湖湾的障碍，还有面积不大的小岛果岭，让球友感觉有另一个极富挑战性，视野更开阔的挥杆场地。此外，球界的专业人员向会员提供专业的球场服务。高尔夫球会馆设有中餐厅、咖啡厅、会议室、精品店等。
乐满地茶花
乐满地茶花基地占地约四十余亩，成功引种并栽培成活了上万株茶花大树和嫁接苗，共计收集了380多个中外茶花品种，主要有从欧美、日本等地引进的名贵品种，以及国内的优良品种。同时每年1－3月份左右，乐满地都将举办茶花主题的相关活动，届时漫步灵湖畔，您会欣赏到“万朵茶花俏争春”的壮观画卷。茶花现已成为乐满地的重要文化代表，茶花也成为乐满地度假世界主题乐园的园花。

","公交：乘坐乐满地旅游专线车（途经站点：桂林汽车总站—兴安汽车总站—乐满地）。开车时间：每天7：00—21：00按时刻表实行流水发车。约30分钟一趟。
自驾：广西壮族自治区桂林兴安县
从三台路向西方向，前往兴桂路350米
在兴桂路向左转500米
3.在灵湖路向左转550米",3月-10月 09:00-17:30；11月-次年2月 09:00-17:00 ,     150元/人 , 30 ,342,342,2
阳朔世外桃源, 广西·桂林 广西桂林阳朔白沙镇桂阳公路 ,桂林,民居 游船 公园,"自从晋代文学家、诗人陶潜（又名渊明，约公元376-427年）写了一篇传颂千古的文章《桃花源记》以来，人们就不断地按照书中所描述的情景去寻找各自心目中的理想国度--世外桃源。
在以山水风光秀甲天下的桂林阳朔县境内，就有这么一处""世外桃源""。早在二千多年前，""世外桃源""的所在地曾是汉代以来的古驿道地区，至今那里仍有不少汉墓群遗址。笔架山一带周边十余里范围内，村民们均有种植桃树的习惯。每年三月，桃花怒放，状如云霞，加上金黄色的油茶花和雪白的茹菜花，再镶以紫红色的红花草，一眼望去，简直就是一个五彩斓的锦绣世界。在乌龟河两岸和燕子湖边，数以十万计的各色桃花染红了青山脚下、村边路旁。沿途的田园村舍、古桥溪河、深潭溶洞，加上在田野上耕作的村民，构成了一幅理想中的世外桃源景象。
景区的游览方式主要分水上游览和徒步观赏。水上的游览乘轻舟环绕湖光山色，经田园村舍，过绿树丛林，又穿山而出，沿途可经原始形态的迎宾、祭祀、狩猎，又可欣赏到民族特色的狂歌劲舞、边寨风情；徒步观赏的民寨群是桂北各少数民族建筑的一个缩影，鼓楼、风雨桥、对歌台、花楼、长廊、图腾，充分展示了各民族文化的光彩特征。
渊明山庄是景区有机的组成部分，融合了苏州园林的布局和桂北民居的建筑风格，开窗即景，一窗一景，移步换景。在渊明山庄里还可以回顾古文明的光辉，古代的酿酒、造纸、印刷、竹雕、木刻、陶器表演，再现了中华民族的智慧。

","世外桃源位于阳朔县城15公里的桂阳公路之上，隶属距桂林市区50多公里的白沙镇。
1、从阳朔出发，车费约6元/人，从桂林出发，车费约8元/人。
2、如果喜欢自由自在，也可在阳朔租辆自行车前往，沿途细细品味阳朔到“世外桃源”之间的秀美风光。",8：30～17：30 ,         100元 , 30 ,315,315,2
桂林银子岩, 广西·桂林 广西壮族自治区桂林市荔浦县马岭镇银子岩景区 ,桂林,洞穴 避暑,"银子岩旅游景区位于桂林市荔浦县马岭镇，321国道旁，距桂林市中心85公里。银子岩景区四周群山环抱，俊秀的小青山、朝寨山拔地而起，耸立于碧波荡漾的青湖之滨。景区内花香、果香、稻香四处溢香，湖光山色交相辉映，牛悠马闲，鸡犬相闻，呈现一派迷人的田园风光。山青、水秀、洞奇、石美，享有“桂林山水代表”之美誉。银子岩属层楼式溶洞，已开发游程约2公里，汇集了不同地质年代发育生长的各种类型的钟乳石，以音乐石屏、广寒深宫、雪山飞瀑、佛祖论经、独柱擎天、混元珍珠伞等景点为代表，栩栩如生、形象逼真。银子岩以雄、奇、幽、美独领风骚，被誉为“世界岩溶艺术宝库”。银子岩旅游景区于2001年12月，荣获“桂林市文明旅游风景区示范点”称号。银子岩景区融吃、住、游、购、娱为一体。青湖宾馆设施完备、安全舒适；红崖健身攀崖惊险刺激，其乐无穷，是您度假、休闲、郊游、娱乐、游览观光之胜地。
看点
银子岩洞内特色景点数十处，最为著名的景观有三绝：雪山飞瀑、音乐石屏、瑶池仙境；三宝：佛祖论经、混元珍珠伞、独柱擎天。大自然的鬼斧神工在这里被展示得淋漓尽致，故被誉为“世界溶洞奇观”。同时，银子岩世界旅游度假风景区集自然、人文景观于一体；前有广袤的田野，俊秀的小青山、朝寨山拔地而起，使人流连忘返；宋朝英豪杨文广、抗法英雄陈嘉的传奇故事，更为景区增添许多人文色彩。
三绝
雪山飞瀑：置身此景，银光闪闪、雪白晶莹，像石崖上万道流水奔泻而成的一匹银瀑。壮美不乏妖娆，令人沉醉而不知今夕何年……
音乐石屏：由数多深浅不一、薄厚不同的石幔、石片组合而成，是广西目前发育最完整的一组石屏，更绝的是当轻轻拍打它就会奏出空灵曼妙的仙乐，故称“音乐石屏” ！
瑶池仙境：在水镜倒影的衬托下，内里容颜随之变化，美轮美奂，此景只应天上有，人间哪得几回闻？
三宝
佛祖论经：天然形成的如来佛祖盘腿高坐在佛堂上宣讲佛经，使得赶来听经朝拜、满怀虔诚的众弟子久久不愿离去。
混元珍珠伞：传说这把神伞能呼风唤雨，收妖镇怪，如今收于洞中，成为“镇洞之宝”，其中间大两头小的奇特造型也成为现代地质学上的难解之谜。
独柱擎天：柱身中部长出许多枝杈，曲折玲珑与刚直壮丽合而为一，让人不得不由衷的赞叹大自然的鬼斧神工。
银子岩以其雄、奇、幽、美的溶洞景观独领风骚，洞外则以幽静而恬美的自然风光而著称，“山水横拖十里外，楼台高起半山中”，远眺群峰环绕，广袤的田野，俊秀的小青山、朝寨山拔地而起，不牵不连，洒脱于尘世；农家屋舍聚集山下，呈现出一派田园风光，清湖小岛簇簇桃林，满山茂林修竹，山山水水都绿得迷人！人们在苍翠中自由一种清幽、怡心，回归大自然的感觉，被游客们誉为“诗境家园典范”之美称。银子岩景区已晋升为国家4A级旅游景区，并荣获“桂林市文明旅游景区示范点”称号，是大桂林旅游圈中一颗新升起的璀璨明珠。
","自驾路线：
桂林方向：上海路—环城西一路—环城南三路—进入G321—G65—G72—阳朔—到景区
广州方向：桂林绕城高速公路—包茂高速公路—从阳朔—荔浦—G321出口离开—朝荔浦/高田方向—G321—到景区",08:00—17:30 ,"       65元。
特殊人群：儿童身高1.4米以下免票。 ", 30 ,333,333,5
阳朔遇龙河, 广西·桂林 广西桂林 阳朔县 ,桂林,NA,遇龙河是漓江在阳朔境内最长的一条支流，全长43.5公里，流域面积158.47平方公里，流经阳朔县的金宝、葡萄、白沙、阳朔、高田等5个乡镇、20多个村庄，人称“小漓江”，不是漓江胜似漓江。尤其是从遇龙桥到工农桥15.36公里水程，有28道堰坝，景点百余处，整个遇龙河景区，没有任何所谓现代化建筑，没有任何人工雕琢痕迹，没有任何一点都市喧嚣，一切都是那么原始、自然、古朴、纯净，实为桂林地区最大的纯自然山水园地。如果把漓江比成“大家闺秀”，那么遇龙河则是让人怦然心动的“小家碧玉”。国内外专家一致确认，“遇龙河是世界上一流的人类共有的自然遗产。”遇龙河两岸一派田园风光，赏心悦目。天平绿洲、情侣相拥、平湖倒影、夏棠胜境、双流古渡、梦幻河谷等等，让人仿佛进入了天人合一的诗意境界，返朴归真的自由天地。广西最著名的三座古桥――遇龙桥、仙桂桥、富里桥都在遇龙河景区；而被誉为“将军府第”、“进士楼阁”的旧县村就在遇龙河畔；唐代归义县遗址、潘庄遗址、徐悲鸿画室、明清时期留下的古宅民居，使人顿生怀古忆旧之情。不过，最刺激、浪漫、潇洒的还是漂游遇龙河，竹排过坝，惊险刺激；荡舟平湖，轻松愉悦，被人们视为挡不住的诱惑，酷煞人的时尚。人们只用一个字来形容漫游遇龙河的感觉：那就是：“爽”！,"1、在阳朔乘到桂林的班车在白沙镇下车，票价2元，在白沙镇坐三轮车。2元就可以到遇龙桥。
2、骑自行车，从阳朔沿遇龙河逆流而上，至遇龙桥，大约一小时左右。
3、租摩托车到遇龙桥，大约30分钟，40元。
4、也可以在阳朔汽车站坐开往金宝的中巴车，中途在金龙桥下车，从金龙桥可开始漂流。",NA,NA,NA,310,310,3
独秀峰·王城, 广西·桂林 桂林市王城路1号 ,桂林,山脉 湖泊 石刻,"桂林独秀峰王城景区，桂林市区首家国家5A级景区，以桂林“众山之王”独秀峰为中心，明代靖江藩王府地为范围的精品旅游景区。景区内自然山水风光与历史人文景观交相辉映，可谓“景中城，城中景”，更是桂林这座世界著名的山水历史文化名城的载体。流传于世界的“桂林山水甲天下”这千古名句即源于独秀峰石壁。自古以来，王城景区被 奉为桂林的风水宝地，更是整个桂林城市的发祥地。它涵盖了桂林三大历史文化体系，是桂林历史文化的典型代表，走进景区就走进了桂林历史文化之门。因此形成了“桂林山水甲天下，阅尽王城知桂林”的名句，被世人广为流传。

独秀峰：是桂林市的标志之一。素有“南天一柱”的美誉，史称桂林第一峰。山峰突兀而起，形如刀削斧砍，周围众山环绕，孤峰傲立，有如帝王之尊。登山306级可达峰顶，是鸟瞰桂林全景的最佳观景台。独秀峰海拔216米，高出平地66米，北距叠彩1000米，东距伏波500米，远近诸山环绕，犹如群臣朝拜，形成“孤峰不与众山俦”之王者气象，笑傲群山，被称为“群山之首，众山之王”。峰壁摩崖石刻星罗棋布，纵横出世，其中千古名句“桂林山水甲天下”就出自于此。更有太平岩内的世界文化奇观“太岁”摩崖石刻。南麓南朝文学家颜延之的读书岩，为桂林最古老的名人胜迹。桂林四大名池之一的月牙池荡漾于山脚，青山碧水，相映成趣，为桂林古八景之一。

读书岩：位于独秀峰东麓，是一个天然形成的岩洞。岩内构造奇特，冬暖夏凉，读书岩有着厚重的历史文化底蕴。我国南朝时期著名文学家颜延之任始安郡太守时，常在岩洞内读书写诗，开创了桂林儒学之风。后人为了彰益他开创的文教之风，将他在独秀峰读书的岩洞命名为“读书岩”，为桂林最古老的名人胜迹。



","1、公交车1路、22路、30路、99路、100路等到市区中山中路乐群路口站，往东50米;

2、公交车10路、11路、14路、18路、98路等到市区解放东路解放桥站，往北100米。",春秋季：7:30—18:00（3月1日—4月30日；10月8日—12月7日）   夏  季：7:30—18:30（5月1日—10月7日）   冬  季：8:00—18:00（12月8日—次年2月28日 ,         130元/人。欣欣票价：99元起。 , 40 ,322,322,3
龙脊梯田, 广西·桂林 广西壮族自治区桂林市龙胜各族自治县和平乡平安村龙脊山 ,桂林,NA,"龙脊梯田始建于元朝，完工于清初，距今已有650多年历史。龙脊开山造田的祖先们当初并没有想到，他们用血汗和生命开出来的梯田，竟变成了如此妩媚潇洒的曲线世界。他们建设家园的智慧和力量，从龙脊梯田身上得以充分地体现。
梯田分布在海拔300至1100米之间，坡度大多在26至35度之间，最大坡度达50度。从山脚盘绕到山顶，小山如螺，大山似塔，层层叠叠，高低错落。从高处望去，梯田的优美曲线一条条、一根根、或平行或交叉，蜿蜒如春螺、披岚似云塔，显示了动人心魄的曲线美。其线条行云流水，潇洒柔畅；其规模磅礴壮观，气势恢宏，有“梯田世界之冠”的美誉。
从流水湍急的河谷，到白云缭绕的山巅，从万木葱茏的林边到石壁崖前，凡有泥土的地方，都开辟了梯田。垂直高度五六里，横向伸延五六里。那起伏的、高耸入云的山，蜿蜓的一级一级登上蓝天。梯田，像天与地之间一幅幅巨大的抽象画。每个看见这一景色游客的心灵都会被深深地震撼，这是一种难以言表的，一种被大自然的雄奇以及人的伟力所引起的震撼。 这里一年四季景观各异，春来，水满田畴，如串串银链山间挂；夏至，佳禾吐翠，似排排绿浪从天泻；金秋，稻穗沉甸，像座座金塔顶玉宇；隆冬，瑞雪兆丰年，若环环白玉砌云端。这种景象称得上是人间一大奇观。有趣的是，在这浩瀚如海的梯田世界里，最大的一块田不过一亩，大多数是只能种一二行禾的碎田块，有这样一个笑话形容梯田的小：有一个地主要农夫耕完山脚的206块田，农夫把地耕完后，数来数去一共只有205块田，怎么也找不到那最后一块，后来他拾起了地上的蓑衣，这才发现原来还有一块田被盖住了，因此有“蓑衣盖过田”的说法。
龙脊梯田有1号和2号两个观景点，1号观景点在村子东侧上方，较远。2号相对近一些。1、2号观景点之间有平路相连，两处都可看见当地最为著名的龙脊梯田中的“七星伴月”，“七星伴月”是龙脊梯田的精华，是七个小山顶梯田和一个大的山顶梯田。整个山都是窄窄的梯田，而田埂则像是划等高线。龙脊梯田往上还有一个金坑梯田．那里有四个瑶族村落，从平安1号景点住上走需要3到4小时．住宿条件比不上平安，梯田的规模比此前稍大，民风更为淳厚。龙胜县东南部和平乡境内，有一个规模宏大的梯田群。
龙脊梯田景区内居住着壮族、瑶族两种民族，以壮族为主，龙脊的壮族是北壮的代表，服饰独特，风情独具，在这里你可以看到古朴的壮族民间舞蹈和保护完美的壮族服饰，可听到优美的壮族山歌，享受原汁原味的壮族风情，传统习俗壮乡民居，香纯味美的龙脊铜鼓舞，师公舞，打扁担令人耳目一新，此外，还有古朴的壮乡民居，香纯味美的龙脊茶和龙脊辣椒，沁人心肺的“东方魔水”——龙脊水酒。 龙脊梯田只是一个景区统称，包含龙脊寨（壮族）、平安寨（壮族）、中六寨（瑶族）、大寨（瑶族）、田头寨（瑶族）、小寨（瑶族）等若干村寨。就梯田本身而言，最壮观的是大寨的金坑梯田和附近的小寨梯田。央视12台的片头以及大家经常看见的龙脊梯田宣传图片和影视作品绝大部分都是出自金坑梯田。平安寨的七星伴月也非常不错，就是通常大家以前说的龙脊梯田了。龙脊梯田常规来说有3个入口，一个是平安村，一个是大寨村，还有一个是龙脊村（龙脊古壮寨）。
龙脊梯田包括平安北壮梯田和金坑红瑶梯田两个景区。两处梯田既有大刀阔斧的砍削，又有丝丝入扣的精雕细啄；既显得气势磅礴，又含着清秀的艺术情调。由于山行各异，呈现两种互不雷同的诗域画境。两者一南一北如双壁辉映，分别构成北壮和红瑶两个文化空间，可谓组合巧妙，相互辉映。
平安梯田横跨平安和龙脊两个行政村，宛如一条行进中的巨龙，腾越在一个四五里长的坡面上，腾越出一种叱咤风云的野性力量。平安梯田内有“九龙五虎”和“七星伴月”两个独特的景观。“九龙”指龙脊主脉在这里分出来的九条小山梁，“五虎”指这里五个略微凸起的小山头。“九龙”、“五虎”全部为梯田所盘绕。“七星”指当初开天时特意留下来的七个小山包，七个小山包分别叠立在七块田的中央，远远望去像七颗闪烁的星星，守护着龙脊那块弯弯的月亮田。因为“九龙五虎”和“七星伴月”的存在，使得平安梯田像扫帚田园一样景中有景，平田许多情趣和意味。
金坑梯田在大寨村境内，这里因出产金子得名。金坑的地形既箱一个巨大的“天坑”，又似宫庐般圆圆地笼盖着的小盘地。站在坑底仰望四周，千米高的“坑沿”上一坡连着一坡，坡跑都是重重叠叠直奔云天的梯田。那绵亘四五里的环形山体，圈起来活似一条虬屈的巨龙。与平安梯田不同，它呈现出来的是一种粗扩的美，另人震撼。金坑梯田景区内除了传说中的“双龙抢宝”和“双狮跳杠”两个景观外，还有新命名的“千层天梯”、“金佛顶”和“西山韶乐”三个景观，构成梦幻龙脊上另一个远离世俗的洞天福地。
平安梯田是广西北部壮族文化的载体，金坑梯田则是红瑶风情的摇篮。龙脊壮、瑶人民像修筑梯田，保持水土一样精心保护这里瑰丽多姿的民族文化。这里有被梯田拥在怀里、被水光映照、被云影拂弄、被空灵成天上空阕的吊角木楼，有似梯田一般延绵不绝、饮唱不熄的山歌，有别具一格的民族服饰，有奇特的风俗，有酿香的水酒。所以这一切，都和高山、森林、云海在一起，构成龙脊梯田深厚的文化内涵。
正是这两个巨大的梯形舞台，向世界展示着龙脊人战天斗地的壮美情怀。雄浑秀丽的龙脊梯田上，处处闪耀着壮、瑶两族文化的灵光。龙脊的美丽令络绎而至的游客折眼。毛泽东的儿媳邵华将军是著名的作家、摄影家，她一登上龙脊就称这里是摄影胜地，一边频频按下快门，一边对龙脊梯田壮美的风光和奇异的民族风情赞不绝口，年过花甲的她快乐得像个小孩。侨居美国的冯文真是冯玉祥将军的孙女，这些年每次回国，她都要到龙脊造访她的“第二故乡”。
景区村寨
平安壮寨
平安村目前有 170 户人家，人口 700 多人，都是壮族，人人都姓廖。这里有两个观景点。平安二号观景点——七星伴月。
关于七星伴月的来源，还流传着一个凄美的爱情故事，相传几百年前有一个叫阿星的壮族小伙爱上了一个叫阿月的瑶妹。当时村寨里有非常封建的思想，壮族和瑶族的青年男女是不能通婚的，如果结婚了那就是犯了寨规，要被族人惩罚的。为了避开双方族人的目光，他们几经周折来到这一年四季被云雾缭绕的高山过隐居的生活，他们开山种田，沿着山底用竹筒做水平尺开出了一层层围绕着山顶的梯田，阿星和阿月相依为伴生儿育女，不久他们便有了三男三女，一家人过上像蜜糖一样甜的生活。
但好景不长，阿月有一天上山砍柴，被他们的族人发现了，突然有一天晚上，瑶王带领着族人，趁着夜色点着火把，团团围住了他们的茅屋，把阿月押回了瑶寨，关进了寨牢里。可怜的阿月天天遭到族人的唾骂，更加思念着丈夫和他们的六个儿女，精神日益崩溃，加上饥寒交迫，不久含恨而死，阿月死后就埋在现在的月亮田里，有一天阿星带着他们的六个儿女来到坟前祭拜阿月，那一声声撕心裂肺的哭喊感动了上苍，这时天空忽降大雨，老天也同情的流下眼泪，刹那间雷电交加、狂风大作，待天晴后，阿星和他们的六个儿女都不见了，只见七个大小各异的土山包，陪伴在阿月的坟前，形成了现在“七星伴月”的奇特景观。后人传说，阿星和阿月还有他们的儿女都升了天，变成了天上的星星和月亮，在天上过着快乐的日子。现在平安村的壮家还有一个习俗，每当八月十五的时候，只要您看上了谁家的姑娘，您可以偷偷的告诉她今晚在月亮田上约会，姑娘若是中意你的话会准时赴约的，看着皎洁的月亮和满天的星星许下一个愿望就可以实现你们的爱情誓言。
平安壮族梯田最高海拔880米 ，最低海拔380米 ，垂直高差500米 ，占地4平方公里。梯田如链带，从山脚一直盘绕到山顶，小山如螺，大山似塔。春如层层银带、夏滚道道绿波、秋叠座座金塔、冬似群龙戏水，在这浩瀚如海的梯田世界里，共有大小个异的梯田15862块，最大的梯田有0.62亩，最小的梯田只能插3株禾苗，有“青蛙一跳三块田”和“一床蓑衣盖过田”之说。
在平安壮族梯田的一号景点上可以看到“九龙五虎，二龙抢珠”气势磅礴的景观，顺着梯田的走向可以看到有九条山脉的脊背从上而下，像是九条龙从天空中俯身下到金江河饮水，在他旁边有五个小山头像老虎一样蹲在地上，守护着这一方水土。在风雨桥旁边有一个像龙珠的土山包，在它的左右方分别有一条山脉把它夹住，仿佛活生生的两条龙在争夺珠宝一样。尊贵的客人您若是一眼能把这“九龙五虎、二龙抢珠”的景观看出来的话，那么您必定是大富大贵的人。当地有一个诗人是这样赞美梯田的：平安二景势峥嵘，五虎奔游绕翠峰，九岭山峦龙戏水，七星伴月图画中。
在距平安村约半个小时的路程，沿着千回百转的青石板路就可以来到这古朴、原始的世外桃源，这里有清朝同治年年间修建的用于防火的太平清缸，有日夜清泉喷涌的龙泉井，有象征着壮、瑶、汉三个民族团结一心共同抗敌的三鱼共首石桥，有见证历史沧桑的百年老屋，有至今还保留着的清朝潘天红的廉政碑和康熙兵营旧址等文物古迹。龙脊古壮寨将壮族人民千百年的民族传统和民族文化奉贤给每一位寻幽、探奇的游客。
金竹壮寨
金竹壮寨因金色的竹林而得名，是龙脊十三寨的“第一寨”，有80户人家，450多人口，是我国典型的壮族村寨，号称“北壮第一寨”，1992年曾被联合国教科文组织誉为“壮寨的楷模”。这里可以看到古朴的壮族民间舞蹈，有庆丰收的“扁担舞”，有象征少女成年仪式的“师公舞”和驱赶野兽的“竹梆舞”，还可以听到优美动听的山歌，您若是在金竹餐厅品尝风味餐，那还有一道风味大餐，那便是壮族原汁原味的敬酒歌，在您酒酣面热之际，一群着装典雅的壮族姑娘会端起一杯杯龙脊水酒，为您唱上那流传了几带人的壮族敬酒歌。歌词大意是：“小路路弯弯石板青，壮家姑娘迎贵宾，淡酒淡菜来招待，深表壮族一片心。”您若是接下酒杯一饮而尽，壮族姑娘们还会接着为您唱上“龙脊水酒清又清，水酒含来敬贵宾，请你接杯把酒饮，祝您越活越年轻。”您若是酒量高的话可站起来说“干了”，壮话说“干了”二字就是“罗虽”。在这一唱一答之间会增加和壮族人民的感情和友谊，还可以让你真实的感受到原汁原味的壮族风情。
黄洛瑶寨
位于金江河畔的黄洛瑶寨。居住着清一色的红瑶族，有60户人家，400人口，这里的妇女个个留着一头乌黑亮丽的长发。头发能垂到地上的妇女到处都有。头发最长的有1.81米 。因此而获得吉尼斯总部颁布的“长发村”证书而名扬天下，成为龙脊梯田景区的又一个“世界一绝”。
来到黄洛瑶寨，穿着艳丽的民族服饰的瑶族姑娘唱着甜蜜的山歌列队欢迎您，献上她们特有的舞蹈，长鼓舞，手铃舞和长发梳妆。在这里还可以品尝到香喷喷的瑶家油茶。一条清幽的小河穿寨而过，两座铁索桥连系了两岸人，好让姑娘和小伙子悄悄的对话。在这里特别值得一提的是黄洛瑶寨特有的“选新郎”活动。来到黄洛瑶寨做客的男贵宾都有机会参与，这项活动关键是看寨花选中谁。被选中的男贵宾，瑶族的少女们会为你精心打扮一下，扮成新郎官的模样。那么寨花也会悄悄的披上嫁衣，盖上红盖头来到你身旁……
红瑶妇女的服饰很美，也很讲究。一套衣服全都是手工刺绣要花三年的时间，衣服上面都绣有各种图案，腰间都系着宽宽的花要带和孔雀开屏般的百褶裙都是她们自己的审美产物。您只要仔细观察瑶女们的耳朵上、手上都戴着银饰品，最显眼要数那有二、三两重的耳环了，还有那手上戴的镯头，都是民间的银匠精雕细凿而成。 瑶女们个个都热情大方，能歌善舞，她们的歌舞因秀美的长发而显得更加婀娜多姿，一场大团员舞之后，舍不得走的也得走，瑶女们会为您献上一杯拦门酒，别离歌也唱了起来，这是主人给您的最高礼遇，祝您在人生道路上一路平安。
龙脊古壮寨
位于和平乡龙脊寨因海拔600余米，寨楼终日被水光映照，云影拂弄，犹如天宫仙境，与千亩梯田成为奇景。村寨有200多户，1000多人，为潘、廖、侯三姓的壮族聚居区。村寨最大特点是其建筑相当古朴，历史久远，有几处甚至有上百年的历史，且保持相当完好．古壮寨的特色十分突出。在龙脊古壮寨不仅能观赏到最为原始的壮寨建筑格调，而且可以步行石板路观赏到古壮寨内的三鱼共首石桥、龙泉亭、康熙兵营旧址、清乾隆潘天红廉政碑、太平清缸、石碾以及古石寨门等古朴的名胜古迹和纯朴的民风民俗。
旅游指南：
在龙脊梯田旅游区，徒步旅行深受游客喜欢。选择徒步在村寨中找景点的时候，岔路相对多一定要记住沿着石板路走，实在不知道就问在路边劳作的农民们，他们会很热情地指路。
观看寨子里的表演一定要问清楚是否要收费。
当地人有为游客带路、背包的习惯，可接受，但要讲好价钱。一般2小时路程10元或20元左右。
由于肯定要住在山上一夜，可打电话先联系，一是可以问车次，二是可以预定房间，三是可以约定由旅馆派人来接。
小提示：
1、游览的最佳时间：每年农历四月十五以后，梯田开始放水的半个月和每年中秋以后的半个月。龙脊的雪景也很棒，但是下雪的时间不定，看运气了。景区最热7月，平均气温28.3度；最冷1月，平均气温7.9度。
2、最佳观赏和拍摄地：平安七星伴月景点拍出来的照片很漂亮，是摄影发烧友的好去处。
3、徒步旅行的注意事项
",自驾：G80/广昆高速/G72方向，进入泉南高速公路，朝桂林绕城(西)/衡阳/机场方向，稍向右转进入包茂高速公路，从入口进入桂林绕城高速公路，在水利中桥从龙胜/桂林西出口离开，朝龙胜方向，进入G321，进入和大线，到达终点。,NA,NA,NA,336,336,5
兴安灵渠, 广西·桂林  ,桂林,NA,"灵渠，又名澪渠、零渠、秦凿渠、明清时期称陡河。民国年间，又称为湘桂运河。它位于广西壮族自治区兴安县境内。 由于它沟通了湘江和漓江，从而连接了长江和珠江两大水系，自秦代至民国两千余年来，成了岭南和中原唯一交通孔道。灵渠开凿于哪一年，历史没有记载，人们只能按史实推断。据史料，秦始皇于二十六年 (公元前221年)最后灭齐统一六国，分天下为三十六郡。在此之前，不可能开凿灵渠。统一六国后，才向岭南遗发50万大军。就算秦军作了充分准备，发兵时间，也不致早于秦始皇二十七年(公元前220年)。五十万秦军分为五路，分别指向五夷山、大瘦岭、骑田岭、都庞岭、越城岭的五处 山口，向现在的福建、广东、广西进军。但向广西、广东进军的秦军并不顺利，迂到了越人的顽强抵抗。迫使秦军“三年不解甲弛弩”，粮饷也没法供应，因而才“又以卒凿渠而通粮道”。秦始皇於二十七年向岭南发兵，打了三年以后再决定凿灵渠，那开始凿渠的时间应在秦始皇二十九年以后 (公元前218年)。至三十三年(公元前214年)凿成通航，灵渠的开挖将近用了四年时间。
秦始皇为什么要开挖灵渠？上面的史料已经说得很清楚。就是为了给士卒运送粮饷。灵渠未开凿之前，秦军的粮饷靠人力肩挑背运，就算用车载，岭南山高水险，道路崎岖，一车又能运多少？加上运送人员在长途搬运中自己的消耗，能运到前线的粮食就更少。在当地筹粮嘛，当时岭南地区人烟稀少，耕作靠刀耕火种，产量很低，而且越人皆逃人深山老林中，与禽兽为伍，秦军到那里去找粮？没有粮食，又那敢轻敌深入？战争只有旷日持久了。所谓秦军“三年不解甲弛弩”，原因就在这里。
灵渠凿成以后，秦军有了充足的粮饷，因而一鼓作气，勇往直前，当年即统一了岭南。占领岭南后，派兵戍守，也有保障。通过灵渠，秦代还由中原往岭南大量移民，加快了民族的大融合，加速了岭南经济的开发，加强了文化的交流，为维护国家的统一，巩固祖国的边防，起到了极为重要的作用。后人说灵渠“通三江，贯五岭”，意义之重大，对后世功用之奇伟，是不言而喻的。除此之外，单就水利建筑上的辉煌成就，时至今日，仍放射出灿烂的光彩。
",,NA,NA,NA,320,320,2
桂林漓江冠岩, 广西·桂林 桂林草坪乡 ,桂林,洞穴 避暑,"冠岩又名甘岩、光岩，在江的左岸，山形似一古老的紫金冠，又因山下岩洞而得名冠岩。冠岩景区位于风景如画的草坪乡，离市区约29公里。游人沿着水泥铺就的小道，蜿蜒穿行于田间和李树下，拾级而上便可到冠岩洞口。洞中石笋林立，在彩灯的照下宛若仙境，洞中的地下暗河堪称一绝，河水凛冽清澈，最深处可达10多米。游人泛舟其上，既可观洞中奇景，又可领略探险的乐趣。
冠岩之下地二郎峡，这里奇峰夹岸，水曲天小，景致集中。漓江西岸的大黄、笔架、文笔、狮诸峰错落，牙列岸际，形成峡谷。江东凤凰、观音、白兔众山傍水，比肩而立。苹果山如一轮旭日，突跃水面，在峡谷中升起，传说此为二郎神鬼斧神工所造。这里无论站在什么角度，前后左右，上下远近，或晴空万里或云雾缭绕或或斜风细雨，处处皆景，时时入画。闻人郭沫若游江到此，有诗赞道：“神奇景物凝三峡，烟云绕万峰。”
冠岩占地面积6000余亩，形成了以冠岩地下河为中心的集旅游观光、会议疗养、食宿娱乐为一体的桂林最大型综合游览度假区。其中冠岩全长12公里，规模宏大，气势恢弘，钟乳石琳琅满目，色彩斑斓，现有洞内游程3公里，洞内共有步行、乘坐观光滑道、乘观光电梯、乘坐洞内有轨列车、在地下河中乘小木船等5种游览方式，游览时间90分钟。
从古至今，冠岩景区以其得天独厚的地理与资源优势，以其无与伦比的绝色风光令无数文人骚客为之倾倒，为之歌咏传诵。唐代莫休符，宋代王正功，明代蔡文、徐霞客，清代著名诗人查慎行等都先后游览和题咏冠岩。漓江冠岩景区是桂林唯一能在一个景区就能尽享桂林山水享誉中外的“山清、水秀、洞奇、石美”这些美景的风景区。所以，冠岩景区被誉为“桂林山水甲天下，山水兼奇唯冠岩”。2000年，经上海大世界基尼斯总部评定，冠岩景区所属冠岩溶洞与电动观光管轨车双双荣获了大世界基尼斯纪录。冠岩是世界游览方式最多的岩洞，冠岩电动观光滑道是世界最长的观光滑道。
现在的漓江冠岩风景区，正以其多层面的无穷魅力，优质周到的服务，吸引着一批又一批的中外游客，成为桂林市最著名的旅游景区之一。冠岩景区现被列为桂林市政府和旅游局重点向外首推的桂林四个景区之一。景区目前年接待总量近60万人次，且每年以较快的速度增长。
冠岩主要看点
地下河景区
冠岩洞内宽敞，像宫殿一般，前后透光，所以又叫“光岩”。岩分三层五洞，层层相叠，洞洞相连，冠岩逶迤曲折，上面两层为旱洞，洞内悬挂着各形各态的石钟乳，曲深幽长约3公里，最下一层是地下暗河，长约700余米，河水清冽，哗然有声。明代蔡文有诗描述冠岩曰：洞府深深映水开，幽花乱石白云堆。中有一脉清流出，不识源从何处来。这首诗道出了冠岩的神秘奇绝。
冠岩地下河游览区是桂林有名的旅游溶洞之一，本世纪九十年代初，桂林华之冠旅游开发有限公司对冠岩进行了全方位科学合理性的开发，按高起点、高标准设计建立了多种游览方式，洞内共有5种游览方式：步行（行程约1000米）；乘坐观光滑道（洞内滑道来回约500米）；乘观光电梯（电梯高约36米，亚洲观光第一梯），乘坐洞内有轨列车（列车长约30米，可载客108人，行程约500米）；在地下河中乘小木船（每船载客12人，行程约700米，洞中有世界岩洞第一瀑，地下河瀑布）。多种现代游览设施与洞内景色相辅相成，使冠岩成为国内独具特色和韵味的水陆空游览洞穴。
乡吧岛
传统的、现代的、前卫的艺术作品与自然的山水相融相衬，辉映出多层面的魅力，这就是漓江唯一江岛乐  冠岩园——乡吧岛地景艺术园。顺冠岩而下约500米的漓江上有一座神奇而美丽的小岛，名叫乡吧岛。岛上面积五百余亩，森林覆盖率达80%以上，有百余亩的樟树林、大片的柚子林、桃树林，更有成片的原始灌木丛点缀其间。春夏两季，岛上树木葱郁，鲜花怒放；秋冬两季，满树满树的红叶，把整个岛给染红了。岛上还有池塘、清流，没有任何工业污染。是一个真真切切的自然世界。
乡吧岛位于漓江景点最集中的黄金水段，原名浪洲岛（在徐霞客游记中则称拦洲），浪洲之名源于宋代，因它四面环水，满目生波而得名。岛上大致分为民族风情表演区、地景艺术品区、餐饮区、帐篷区、小品制作区等。岛的周边罗布着漓江中段美丽而神奇的八大奇景：绣山壁岩、浪洲传奇、螺蛳上山、半边奇渡、毛驴挂壁、桃源秘洞、绝壁悬棺、问天哑谜。
2000年8月由中国《人文山水.人与物》策划组组织百名艺术家在岛上进行艺术创作，以此次艺术家创作的作品为主体建成的是中国第一个地景艺术公园——乡吧岛地景艺术园。乡吧岛正在成为一所以自然风光、民俗风情为主体，以瓦陶艺术雕塑为主题，集园林景观、民族建筑、特色餐饮、风情表演、工艺制作为一体的观光、休闲的地景艺术园。
观光滑道群
冠岩景区占地面积5000余亩，景观多样集中，秀丽自然，自开放以来吸引了海内外数百万的游客前来  娱乐游览观光，往来络绎不绝。为了解决游客旅途中的疲劳，1999年底冠岩景区建成了国内首条电动观光滑道，使游客即可轻松欣赏冠岩景区的自然风光，又能体验贴地滑行的无穷乐趣，电动观光滑道建成后有如一条绿色长龙一般，与周边环境甚为融合，蔚为壮观。
冠岩景区电动观光测滑道系采用国内外最新技术设计制造，属国内首创。电动观光滑道管轨断面呈弧型结构，流畅自然，建设占地面积少，属环保型高科技项目；电动观光滑道车依靠45伏直流电驱动，可爬坡、转弯，安全可靠。冠岩景区电动观光滑道全长3.2公里，车速可达15米/秒，游客可以自行控制车速，操作简易，动感十足，是一项极具趣味性的观光旅游项目。电动观光滑道2000年6月28日正式对外开发，经上海大世界基尼斯总部评定为大世界基尼斯之最——最长的旅游观光滑道。
",汽车总站可以乘坐冠岩专线车6.5元/人，桂林最早发车7：30，冠岩返回最迟18：30,8：30～17：30 （全程游览需2小时） ,       80元/人，观光滑道车(单程) 30元/人（身高1.00米～1.40米半价，1.00米以下免票，桂林市民半价，老人票、学生票、记者证、教师证等无优惠） , 30 ,374,374,5
遇龙河朝阳工农桥漂流, 广西·桂林 广西壮族自治区桂林市遇龙河漂流朝阳码头 ,桂林,NA,"探索遇龙河之神秘，体验“人随山水转，心往画中游”的美妙境地，感受山水交融、与水共舞的酣畅淋漓，享受清凉世界，释放狂野激情，让遇龙河河魅力一展无疑。
坐在竹椅上，把双足放在水中，水波柔柔地从脚上流过，好象一只温柔的手在轻轻地抚摸。山峰离岸边有些距离，山峰和河岸之间种满了庄稼，不时可以看到一个个小村庄，河岸上种满了庄稼，有人在田间忙碌，有人在临河垂钓，一派美丽的田园风光。
漂流过坝多达九个，是遇龙河漂流冲坝最多的一段。如果你是个运动范，喜欢挑战、喜欢刺激、享受体验冲坝的快感，那么选择朝阳—工农桥段遇龙河漂流绝对是个不错的主意。

",自驾：广昆高速/G72方向，直行进入泉南高速公路，进入G323，进入荔柳路，直行进入G321，直行进入工农桥，到达终点。,NA,NA,NA,391,391,2
桂林刘三姐景观园, 广西·桂林 桂林市桃花江路1号 ,桂林,NA,桂林刘三姐景观园，座落在风景怡人的桃花江畔，占地一百多亩，总投资伍千多万元。她是以刘三姐文化、广西壮族文化及民俗民风为主题的休闲游乐场所。 步入景观园，广西壮、瑶、侗、苗的少男少女歌舞相迎，跳过竹竿舞，您会步步高升；迎面的水上对歌台，游客可一舒歌喉与美丽的刘三姐对歌比试，被三姐相中的幸运游客还可得到抛出的绣球；寨楼风情是游客参与性节目，游客在这里能身临其境地感受广西少数民族的婚礼习俗；去到莫府、阿牛家不仅感受到电影《刘三姐》场面的再现，上刀山、下火海绝技，斗鸡等表演会让游客看得更开心，大饱眼福。热爱大自然的朋友，不妨到鸟语林去感受百鸟生态，小鸟表演及孔雀送客。各类小游艺及民族秋千供游客尽情娱乐。莫老爷小吃大观园内的各类广西特色小吃让游客大饱口福。 演艺厅的大型民族歌舞表演，独此一家，别无分店。一台独具特色集观赏性、参与性、娱乐性为一体的内容丰富演艺，曲终人不散，是游客永久的纪念，不仅如此，您还有机会与刘三姐的扮演者――黄婉秋女士合影留念，永久珍藏。 进到刘三姐景观园让您感觉到山与水的幽美，体验到人与自然的和谐，让您憧憬山村月夜的风情，感受刘三姐文化的博大精深。一曲“多谢了，多谢四方众乡亲……”。让您带走三姐的问候，留下一片深深的情谊……。,在市内可乘公交3路，29路即达。,NA,NA,NA,318,318,2
桂林玉圭园水上乐园, 广西·桂林 广西桂林雁山区良丰路（环城高速公路口） ,桂林,游乐场,"桂林市玉圭园环球名胜水上乐园以加勒比海岛建筑与景观为主题，辅助以地中海沿岸建筑风格。共有各类现代先进戏水设施二十余项，包括五组合戏水平台、高达3米的海啸造浪池、先进的实时水过滤消毒系统，设计日最大入园人数为三万人，水迪厅、六个温泉泡池、风动造浪池等项目全年开放。
",NA,日场：10:00-16:30 夜场：16:30-22:00 ,"     水上乐园日场全票180元一张，夜场全票160元一张
A.免票政策：儿童身高1.2米以下免费。
B.优惠政策：儿童身高1.2-1.4米、60岁以上老人（持本人身份证或老年证）、现役军人（持军官证）、残疾人士（持残疾证）、学生（持有效学生证）购景区优惠票。 ", 30 ,334,334,2
桂林山水, 广西·桂林 桂林 ,桂林,避暑,"桂林的山，平地拔起，千姿百态；漓江的水，蜿蜒曲折，明洁如镜；山多有洞，洞幽景奇；洞中怪石，鬼斧神工，琳琅满目，于是形成了“山青、水秀、洞奇、石美”的桂林“四绝”，而自古就有“桂林山水甲天下”的赞誉。
桂林是一座文化古城。两千多年的历史，使它具有丰厚的文化底蕴。秦始皇统一思想国后，设置桂林郡，开凿灵渠，沟通湘江和漓江。桂林从此便成为南通海域，北达中原的重镇。宋代以后，它一直是广西政治、经济、文化的中心，号称“西南会府”，直到新中国建立。在漫长的岁月里，桂林的奇山秀水吸引着无数的文人墨客，使他们写下了许多脍炙人口的诗篇和文章，刻下了两千余件石刻和壁书，历史还在这里留下了许多古迹遗址。
千百年来，桂林一直是人们旅游观光的宝地。现在，一个以桂林市为中心，包含周围12个县的风景区已经形成。这里有浩瀚苍翠的原始森林，雄奇险峻的峰峦幽谷，激流奔腾的溪泉瀑布，天下奇绝的高山梯田......在这一片神奇的土地上，生活着壮、瑶、苗、侗、仫佬、毛难等十多个少数民族。大桂林的自然风光、民族风情、历史文化、深深地吸引着中外游客以及国家元首纷至踏来，流连忘返。
总体来说桂林最佳的旅游季节是每年的4月－10月，也就是通常所说的旅游旺季（总体的旅游价格比平时不会高很多，或者说没有差别）。五一、国庆、春节长假期间是旅游高峰期，各个景点都是人满为患，城市的道路显得非常的拥挤。
桂林作为一个旅游名城比起其他城市来说及其微小，城市人口不过70万。最主要的街道是中山路和解放路，最繁华的是中山路的一段－－中山中路，仅仅从中山中路的一头走到另一头，不用30分钟。晚上7点以后中山中路有一半的街道会成为步行街，让人感觉很热闹。
以下是外地游客还算关注的一些市内景点。
象鼻山 ★★★★
4A景点，桂林的城徽，价格也不是很高，还是值得一去的。是由3.6亿年前海底沉积的纯石灰组成的，远远看去真的很像是一大象把鼻子伸入水中，这里也是桂林旅游的标志性景点。园内还有摩崖石刻50余件，刻有陆游、范成大、张效祥等著名诗人的作品。
开放时间：淡季7：00—21：30      旺季6：30—22：00
门票：25元
交通：可选择乘坐免费公益车（57、58路），公交车（2、23路），景区穿梭巴士或自驾车直达景区。
欣欣旅游网小提示：摄影宜在坐船游漓江时取摄影角度，象山水月的夜景非常棒，酷爱摄影的朋友一定不要错过。游览时间通常一个半小时。
七星公园 ★★★★
桂林市内最大的公园。普陀山是七星公园的主山，其中最得一看的是颜真卿的逍遥楼，宋代范成大的《碧虚铭》，明代龟蛇合一的浮雕以及位于博望坪800壮士墓、三将军墓等。月牙山的桂海碑林也是不可错过的景点。
开放时间：景区 6：00——20：30    七星岩 8：30——17：30
门票：含七星岩65元/人（票价如变动,以门市公布价为准）
交通：公交车10路、11路、14路、18路、25路、30路、31路、98路、免费公益车52路、58路可达景区花桥大门
景区电话：0773-5814342
欣欣旅游网小提示：公园配有付费专职外景导游，可根据客人时间和需求设计最佳游览线路。七星岩游览时间约45分钟，整个公园约2个小时。
叠彩山 ★★★
叠彩山因山上石层横断间层层如绸缎相叠而得名。主峰是“明月峰”，在峰顶俯览群山，可山中岩石层层相叠，山花竟相怒放，方有感此山何谓“叠彩”。山顶看桂林全景还是不错的。
开放时间：淡季7：00—18：30       旺季6：30—18：30
门票：20元
交通：公交2路、免费58路可以到公园大门。
芦笛岩 ★★★
4A景点，知名度太高，价格也太高，岩洞的人工痕迹太多，洞内有一个唯一有水面的景致是很不错的。
游览时间：约1小时
门票：60元
交通：距市中心约3公里，可乘3路公交车、免费58路直达。
靖江王府 ★★★
住过12代14个藩王，是明太祖朱元璋的侄孙朱守谦被封为靖江王的王府。“桂林山水甲天下”这一场四海的名句，就是出自王府内独秀峰的宋代石刻。
开放时间：09：30～17：30
门票：50元
交通：1、10、18、22、24路公交车及51、57路免费公交车。
景区电话：0773-2852203
欣欣旅游网小提示：全游程需3小时。上独秀峰的石阶很陡，上下要特别小心。
两江四湖(环城水系) ★★★★
市内环形水上游览线路，两江四湖指漓江、桃花江、木龙湖、桂湖、榕湖、杉湖。一个免费开放的市内公园，晚上的夜景很漂亮
游览时间：乘船游览时间90分钟左右。
门票：149元/人（普通船），155元/人（空调船）
交通：杉湖知音台码头位于桂林国际旅行社北侧，乘2、23路公交车到象山公园站下车可抵达。 文昌桥码头位于文昌桥东南端桥底（华亭食府后面），乘23、16、2路公交车到文昌桥站下车可抵达。解放桥六匹马码头位于解放桥东南端桥底，该处有六匹铜马为标识，乘11、31、10、14、18路公交车可抵达。
景区电话：0773-2837666
欣欣旅游网小提示：船票在滨江路桂林国旅一楼、桂林大世界大厦一楼等处购买。其实绕着桂湖、榕湖、杉湖步行也蛮好的，不花钱。
景点介绍


阳朔主要景点介绍：
1.世外桃源 ★★★
门票：50元。4A景点，导游员的素质不错，感觉有点贵，不够自然。距离市中心48公里，游览时间45分钟。
2.山水园 ★★
门票：30元 。门票贵了，早晚进去免费的。游览时间约1小时，阳朔水东门码头上面。
3.印象刘三姐 ★★★★
门票：188元 。张艺谋导演的确实不同，场面宏大，除去价格因素以外是非常不错的，男士一定不要忘记带上望远镜。游览时间约60分钟，县城乘坐电平车1元可以到。
4.大榕树 ★★
门票：18元 。就看这一颗树，太不值了，价格高了。距县城7公里，游览时间30分钟
5.月亮山 ★★★★
门票：18元 。阳朔必游景点，很好的攀岩场所。距县城7.3公里，游览时间 1小时

有这样一句话：No bike trip!No Yangshuo!不了解的人投诉是吹牛，但这的确是到阳朔旅游的""驴友们""的心声，最先，bike是来阳朔旅游的背包老外所最愿意采用的，等到国内的驴友们来到阳朔时，也迷上了这种旅游方式。租上一辆自行车，只要时间允许，您可尽兴地走村访寨，或独自闲游，或结伴同行，轻便快捷，自由自在，无拘无束。特别是弄上一辆双人（或三人）座自行车""招摇过市""，更是浪漫哦！更何况骑自行车也是最经济的方式。在西街租一辆不错的自行车每天的租金大约10元左右,和朋友或情人轻松骑遍县城周边的乡村田野,或许这次旅行就能成为你一生不朽的体验。
骑行线路推荐
骑行路线1：阳朔－大榕树－月亮山－月亮山村－釜山寺－燕村－田家河－阳朔
骑行距离：约20公里，有公路和乡村小道
路线特点：经典的骑行路线，有阳朔最好的山水风景、田园风光和牧童水牛
体力要求：非常休闲，适合一般体力的旅行者
从阳朔出发，沿着阳朔到荔浦的公路骑行20分钟可到工农桥，工农桥一边是景点""骆驼过江""，一边是遇龙河和金宝河的交汇处，两边的景色都美不胜收。
沿公路前行约500米就是大榕树景区，门票18元。从大榕树前行约1公里就到了著名的月亮山，从月亮山左拐，骑过赏月路就是月亮村，村子是观赏月亮山的绝佳位置，近些年村民开设了许多家庭旅馆和饭店，供旅行者休息和午餐。在农家院中边吃饭边观赏月亮山，那绝对是个不错的选择 。
饭后沿原路返回到公路，沿釜山寺前的乡间小路前行，过一座石拱桥就是燕村，燕村村口有小卖部，有各种饮料出售，稍微休息一下继续前行，就道了景风极好的田家河，你可以把单车靠在路边，下到田家河的水坝上看风景。一般到此时已是下午，田家河的日落是非常吸引人的，静静的河水，走过水坝的牛群，在夕阳的映照下显得祥和而从容。
前行就矮山了，出了矮山就是公路，沿公路骑行5公里就可回到阳朔。
骑行路线2：阳朔－工农桥－河边小别墅－阳朔胜地－同门岩－风楼村－月亮山－大榕树－阳朔
骑行距离：路程来回近20公里
路线特点：基本围绕大榕树景区
体力要求：非常休闲，适合一般体力者
从阳朔出发到工农桥后右拐，前行500米可到河边小别墅，这是个由过去抽水站改建的小旅馆，前面是遇龙河，有很多个竹排停在水边，有条拦河坎一直通到田野里，视线非常开阔，临河的阳台上摆着桌椅，可以边品着5元一壶的茶，边欣赏风景。
推车从拦河坝上过河，或是从右岸沿河边小路前行，竹林很多，前行1公里可到阳朔胜地，从阳朔胜地午饭后，花1到2元钱可到对岸（枯水的季节也可以从拦河坝上走过），再顺着遇龙河边的小路前行，不到1公里可到同门岩攀岩点，每天都可以看到来自世界各地的攀岩者。山下有个天然的石洞穿过小山，里面有水泥做的长长的台子和凳子，是攀岩者用来休息的地方。从同门岩左拐沿山间小路前行500米可到月亮山后的凤楼村，沿公路往回走可回阳朔。
骑行路线3：阳朔－福利－车郎山－兴坪－石头城－葡萄－阳朔
骑行距离：单程约60公里，需两天完成。
路线特点：沿途田园风光不错，兴坪－葡萄一段路很难走，徒步和骑单车游客都很少
体力要求：对体力要求很高，适合经常骑单车越野的好手
早上从阳朔出发，沿观莲路前行10分钟可到阳朔大桥，阳朔大桥附近是看县城及碧莲峰的好地方，右手边的书童山，也是阳朔精典的风光。过隧道后半小时可到福利古镇，古镇江边的风光不错，并有数条老街可细细品味，镇上有不少做大扇子的作坊可参观。
出古镇左拐就是去兴坪的公路，前行20分钟可见东郎山，右边是车田风光，往前经古风亭、西山，约3小时可到兴坪古镇，游览兴坪老街，在码头附近吃午饭，靠码头有几家专为旅客设置的小饭店，中西餐都有，邮电招待所附近有几家大排挡不错，较那些专为游客准备的小饭店便宜一些。
码头旁的老山寨是个观光兴坪美景的好地方，爬到山顶需半个小时，坐在山顶观日出是个不错的选择。走过兴坪大桥前行500米的朝板山房也是个观光风景的好地方，夏天会有很多的人在此游泳。
晚上可宿兴坪休整，码头上有几家小旅馆，一般价格在20~50元，条件不错，码头对面的大河背村有家农庄也很不错，住宿费每人约10元。
第二天一早看完兴坪日出，连车带人坐摆渡到过对岸的大河背村，沿村中的小路骑行20分钟可螺狮岩，然后过大洲岭，开始推车上山，脚下是清代古道，石板石城，约1公里，走完这段清代古道就到了黄泥田，从黄泥田，村往上也是缓缓的上山泥路，平缓的地方可以骑行。半个多小时可到大岭头，村旁的荷苞山是个观风景的好地方，登上约200米高的荷苞山，漓江山水的精华""黄布倒影""及""九马画山""就在脚下不远的地方，著名的""下龙风光""也可在此处欣赏。
从大岭头村到古石头城都是山间耕路，道路忽上忽下，2个小时可到。石头城到葡萄约7公里，需骑行大约1个多小时，接近下山的时候景色不错，开阔的田野，春天可看到一眼望不到边的油菜花，秋季可看到金黄的稻田。
到葡萄就到可桂阳公路，顺着公路过世外桃源、五里店、白沙可回到阳朔。
从桂林到阳朔，可以在桂林火车站南广场坐到阳朔的班车，6：30～21：30，每15分钟一班，票价10元。或者在桂林汽车总站乘快巴车，票价13元。从阳朔到桂林市区，可以有两种选择，一是乘坐私营的中巴，10元，中间兜客，到桂林火车站，一是坐公营的中巴，13元，直达桂林汽车站。
从广州、深圳、梧州等地也有到阳朔的长途卧铺客车，豪华车到深圳220元左右，到广州150元左右，普通车便宜些，时间大约在10小时左右。
阳朔汽车站 地址：阳朔县蟠桃路 电话：0773－8822188
水运
桂林至阳朔的漓江旅游船每天都有，时间一般为9：00～10：00，从磨盘山码头、竹江码头乘船，行程4小时左右到达阳朔。
住宿情况:
阳朔住的地方很多，但最好是住在西街，其次就是县前街，这两条街上的酒店、客栈一间连一间，只要自己喜欢，可以一家一家进去看，或者一家住一个晚上，不管哪一家都能带来舒适和愉快。
如果有大把时间，甚至可以在阳朔的小巷中找一处家庭旅馆，租一个月也只有500元，推开窗子就是西街的热闹，掩上门又可以安静地入睡。旅游小贴士
场馆表演内容：
1、海洋剧场潜水表演：五环奥运、嫦娥奔月、美人鱼、喂鱼
时间为每天9:00，10:00，11:00，14：30，15：30，16：30
2、动感4D影院：惊险刺激的特种动感电影，每场15-20分钟，随机播放。
",飞机，公路，铁路，水运都可以到达桂林。,参考各景点具体的开放时间 ,     桂林山水包括漓江，叠彩山，象山公园等，门票到各景点售票处购买。 , 23 ,318,318,2
桂林市漓江景区, 广西·桂林 广西桂林市象山区安新北路727栋 ,桂林,NA,"桂林漓江风景区是世界上规模最大、风景最美的岩溶山水游览区，千百年来它不知陶醉了多少文人墨客。桂林漓江风景区以桂林市为中心，北起兴安灵渠，南至阳朔，由漓江一水相连。桂林山水向以“山青、水秀，洞奇”三绝闻名中外。桂林漓江风景区游览胜地繁多，在短期内只能择其主要景点进行游览，其中一江（漓江）、两洞（芦笛岩、七星岩）、三山（独秀峰、伏波山、叠彩山）具有代表性，它们基本上是桂林山水的精华所在。旅行社组织的桂林两日游，一般是第一天游独秀峰、叠彩山、伏波山、七星岩和芦笛岩；第二天起由漓江去阳朔。
【漓江景点】
象鼻山：
象鼻山在桂林市的漓江与桃花江汇流处，山似伸着长鼻在江边饮的大象。明孔镛《象鼻山》诗云：“象鼻分明饮玉河，西风一吸水应波。青山自是绕奇骨，白日相看不厌多。”象鼻下有水月洞，山上有明代新建普贤塔。
訾洲：
訾洲在象鼻山对岸，为漓江和支流间的沙洲。烟雨空蒙之时，訾洲如盖皱纱。“訾洲烟雨”为“桂林八景”之一。唐朝桂曾观察使斐行立，在洲上修筑亭台楼阁，营造风景，盛极一时。文学家柳宗元应请作《訾家洲亭记》，对桂林之山作了生动的描写：“桂州多录山，岁地峭竖，林立田野。”
斗鸡山
斗鸡山在漓江东岸的穿山与西岸的龟山，形如隔江相斗的两只雄鸡，合称斗鸡山。观赏斗鸡山，须待游船行过，回首观望。
净瓶山
净瓶山在漓江右岸一山，像半边古式瓷瓶，倒卧江中，被江水洗濯十分洁净，固名净瓶山。春夏水涨，倒映江中，山影相接，浑然一体，古朴雅致
父子岩：
在漓江与良丰江汇流处有一山，名父子岩，洞中有块巨石，像光头老人的是父亲，洞口一小石似小孩的是儿子，传说他们父子不愿为财主造船，躲避洞中，日久化为石化。
卫家渡
卫家渡在漓江东岸，原为主要渡头，公路桥建成后渐废。卫家渡土地肥沃，土质松软，宜种马蹄。品格最高的，色红、形扁、蒂短、皮薄、味甜、汁多、无渣，可生吃也可熟吃，远销世界各地。“桂林马蹄”名闻遐迩，主要产地在卫家渡。
奇峰镇：
奇峰镇镇外奇峰林立；剑戟千重，诗云：“奇峰镇外看奇峰，万点尖峰锁碧空，”群峰之中，高峰上有一个透明大洞，是传说中伏波将军“一箭穿三山”所射穿的第二个洞，像是月亮挂在山上，称为奇峰挂月。
黄牛峡：
船往下行，迎面九个山峰像九头黄牛，此处名黄牛峡。这些山峰，像给雷劈去了半边，故又叫雷劈山；再看这些雷劈似的山峰，又若展翅欲飞的蝙蝠。因此亦叫蝙蝠山。从这里开始，两岸石山连绵，峰峦耸峙。
猫儿山
那是个林丰木秀，空气清新，生态环境极佳的地方。漓江上游主流称六峒河；南流至兴安县司门前附近，东纳黄柏江，西受川江，合流称溶江；由溶江镇汇灵渠水，流经灵川、桂林、阳朔，至平乐县恭城河口称漓江；下游统称桂，至梧州市汇入西江，全长约437公里，流域面积约5585平方公里。从桂林到阳朔约83公里的水程，堪称漓江精华。
【刘三姐相关传说】
相传刘三姐为唐代壮族农家女，年幼聪颖过人，被视为“神女”。十二岁能通经传，指物索歌，开口立就。自编自唱，歌如泉涌，优美动人，不失音律，故有“歌仙”之誉。十五岁时聘于林氏，唐开元十年（722年），为抗拒林氏逼婚，与情人张伟望出奔，不知所终。民间多以为双双成仙而去。广西宜山壮族传说，刘三姐生于唐中宗神龙元年（705年），从小聪慧过人，能歌善唱。12岁即出口成章，妙语连珠，以歌代言，名扬壮乡。后曾到附近各地传歌。慕名前来与她对歌的人络绎不绝，但短则一日，长则三五天，个个罄腹结舌，无歌相对，无言以答，羞赧而退。然而她的才华却遭到流氓恶霸的嫉恨，后被害死于柳州。传说她死后骑鲤鱼上天成了仙。也有的说她在贵县的西山与白鹤少年对歌七日化而为石。还有的说财主莫怀仁欲娶她为妾，三姐坚决反抗，莫怀仁买通官府迫害三姐，三姐乘船飘然而去，等等。

","1、普通船到阳朔龙头山码头下，豪华船和超豪华船在阳朔碧莲峰码头下。
2、如果自行购票，市区没有公车到码头，只有早上打的前往，出租车费用70元左右。",NA,NA,NA,300,300,3
桂林宋城千古情, 广西·桂林 广西桂林市阳朔县千古情大道 ,桂林,演出,"由宋城演艺和桂林旅股联合打造的桂林千古情景区，再现了桂林的历史文化与民族风情，老少同乐、晴雨皆宜。核心演出大型歌舞《桂林千古情》是一生必看的演出，视觉盛宴，心灵震撼，唱响了一曲感天动地的桂林千古传奇。
景区一切以游客为中心，拥有上万平米全室内空调开放的3号秘境旅游综合体、风雨廊、五星级标准洗手间。巨型歌仙造像气势宏伟，与桂林山水融为一体，是八桂大地真善美儿女的化身。景区内鬼屋、清明上河图电影馆、奇妙街等数十项高科技和儿童体验项目妙趣横生。阳朔古村营造了独特的农耕市井生活风貌，市井街、风情街内爷爷的酒缸、奶奶的糕点、爸爸的玩具等手工作坊留住乡愁、寻找父辈的记忆。东街云集了湘菜、粤菜等全国特色美食和小吃。情人港、4号海湾是年轻人休闲的好去处。不能错过的就是精彩指数七星级的大型歌舞《桂林千古情》，还有六星级的5D实景剧《大地震》，以及《锅庄狂欢》等数十大演艺秀和科技秀，感受一场文化与科技的饕餮盛宴，让你流连忘返。
还有即将开放的不夜城酒吧街，与千古情景区一起成为阳朔真正的不夜城，给我一天，还你千年！
",NA,,     暂无 , 20 ,376,376,5
阳朔西街, 广西·桂林 桂林市阳朔县 ,桂林,古城 民居,"西街被戏称洋人街，位于广西壮族自治区阳朔县，已有1400多年的历史。

在全国叫西街有很多地方。其中最为出名的为广西壮族自治区桂林市阳朔县西街，阳朔西街被戏称“洋人街”，已有1400多年的历史。另有黟县西街、宜阳西街和襄城西街、泉州西街等等，都有传奇历史故事。

阳朔西街又被戏称洋人街。不到1公里的阳朔西街，由石板砌成，呈弯曲的S形。街上摆满了各种旅游纪念品。西街是外国人在中国最密集的一条街，每年来这里居住休闲游的外国人相当于这里常住人口的三倍。西街是全中国最大的外语角，其涉外婚姻比例之高为全中国之最。为此，旅游界专家、学者称之为“中国旅游业中的阳朔现象”，中国的“地球村”。这种现象引起中国人的关注，世界的关注。其充满了异国情调的夜景更是风情万种。

西街上的饭店、餐馆、网吧、酒吧等等都是中西合璧的，几乎所有的招牌都是中英文对照，从老板到服务员到街边的小摊大妈都能说一口流利的英语，这里已经没有地域的差异了，闲散、悠闲的生活，让很多到这里旅游的游客久久不想离去。“偷得浮生几日闲”，也许在这里才能感受到什么是生活。

阳朔县“桂林山水甲天下，阳朔堪称甲桂林”阳朔位于桂林市南面63公里，是最早确定的“国家级风景旅游名胜区”之一，是一座有2000多年历史的漓江边最美的城镇，媲美桂林，游人如云。不到一公里的阳朔西街，位于县城中心，全长517米，宽8米，大理石路面，呈弯曲的S形，房屋建筑古色古香，地方特色浓厚。荟萃各种旅游纪念品、小吃于街市。其充满了异国情调的夜景更是风情万种，风俗浓郁。
",位于阳朔县城，交通文便。从阳朔县城可乘公交车回桂林市，一个小时就到，14元/人。从桂林阳朔西街至阳朔，如果走陆路的话，可在桂林火车站广场的右侧乘中巴前往阳朔，车费14元。从桂林前往阳朔，也有直达的游船，费用约180元，景色最美的一段在阳朔境内自草坪——杨堤-九马画山-兴坪-渔村,24小时开放 ,       免门票 , 15 ,329,329,3
桂林龙胜龙脊梯田, 广西·桂林 龙胜县东南部和平乡境内的平安村 ,桂林,民居,"龙胜县龙胜梯田群规模宏大，全部的梯田分布在海拔300－1100米之间，最大坡度达50度，一层层从山脚盘绕到山顶，层层叠叠，高低错落。其线条行云流水，其规模磅礴壮观。是桂林旅游的一个重要组成部分。
龙胜梯田景区由A区和B区组成，A区的居民以壮族为主，B区的居民以红瑶为主。龙脊的壮族是北壮的代表，是广西壮族服饰、建筑保持最完整的地区之一，服饰独特，壮寨的吊脚楼更是风情独具，在这里你可以看到古朴的壮族民间舞蹈和保护完美的壮族服饰，可听到优美的壮族山歌、享受原汁原味的壮族风情，拙朴风趣风格各异的俗铜鼓舞、师公舞、打扁担舞令人耳目一新，此外，充满情趣的壮族民居旅馆，香纯味美的龙脊茶和龙脊辣椒，沁人心肺被誉为“东方魔水”的龙脊水酒。红瑶因妇女喜欢穿红色绣衣而得名，红瑶女子服饰鲜艳美丽，长发盘得像乌龙缠绕，红瑶的歌舞曼妙优雅，红瑶的礼俗古朴奇特，与壮族的礼俗相映成趣。
龙胜梯田的景色随季节的更替而变幻无穷。开春之际，灌满水的层层梯田映衬着天光，如同根根银带相叠；夏日骄阳似火，绿油油的禾苗随着微风翻卷着道道绿波；金秋流光溢彩，漫山铺金，层层梯田若级级金阶，梯田环绕的山峰又似座座金塔；隆冬，银装素裹，把梯田和山寨都嵌入了冰雕玉砌的童话世界里。在错落有致的梯田间、在蜿延曲折的山路上、在炊烟袅袅的山寨里，偶见瑶女壮妹身背竹篓，款款而行；在流泉飞瀑下，溪水潺潺中，时有红瑶妇女洗梳长发，玩水嬉戏，不时飘来几缕悠扬纯朴的山歌声，令人陶醉其间。
历史
龙胜梯田开造始于元代，数百年来，历尽沧桑。居住龙胜梯田在这里的壮族、瑶族人民，祖祖辈辈，筑埂开田，向高山要粮。从水流湍急的溪谷到云雾缭绕的峰峦，从森林边缘到悬崖峭壁，凡是能开垦地方，都开凿了梯田。经历了几百年、多少代人的努力，使龙胜梯田日臻完美，形成了从山脚一直盘绕到山顶，“小山如螺，大山成塔”的壮丽景观。由于是依山而建，因地制宜，因此这些梯田大者不过一亩，小者仅能插下两三行禾苗。
传说
在这梯田的海洋里，龙胜梯田最大的田不过一亩，大多数田都是只能种一二行禾的“带子丘”和“青蛙一跳三块田”的碎田块。
据说当地曾有一个苛刻的地主交代农夫说，一定要耕完206块田才能收工，可农夫工作了一整天，数来数去只有205块，无奈之下，他只好拾起放在地上的蓑衣准备回家，竟惊喜地发现，最后一块田就盖在蓑衣下面！
无法想象，800多年以前，第一批到达龙脊的壮民和瑶民面对横亘在面前的深山，是如何咬紧牙关，依靠最原始的刀耕火种，开垦出第一块梯田的。
稻米的诱惑实在是太大了，也许未加考虑，他们的子孙便接过父兄手里的锄头，日复一日，年复一年。他们最心满意足的事，是不是就在耄耋之年和重孙玩耍时，又听到孙子传来的又开垦出一块新田的好消息呢？
元代到清初，整整650年。当初龙脊开山造田的祖先们没有想到，他们用血汗和生命开出来的梯田，竟变成了妩媚潇洒的曲线世界。
水无涓滴不为用，山到崔嵬犹为耕。只有生命，才能创造如此辉煌的奇迹。我和母亲心中被遗忘很久的幸福和感动，悠悠如浪花般扩散开去。第一次，为身为万物之灵的人类深感骄傲。
",,,     80元 , 50 ,392,392,5
两江四湖·象山景区, 广西·桂林 广西壮族自治区桂林市桃江码头/南门桥码头 ,桂林,游船,"两江四湖新景区--桃花江山水画廊游览线路的开通实现了乘船从象鼻山直达芦笛岩，形成了桂林环城水系游的新格局。两江四湖二期桃花江环境综合整治工程，是两江四湖一期工程建设的延续和拓展，桃花江与四个内湖的连通，构成两江四湖二环水系。
桃花江又名阳江，“阳江秋月”是桂林八景之一。因旧时桃花江畔遍植桃花，映照一江绮丽，故得桃花江之名。桃花江江流平缓，清幽恬静，沿岸山峰倒影如画；河道九曲十八弯，一弯一景，景色十分迷人。有诗云：“秀丽桃花江，美人曳长裙” ，把桃花江比喻成拖着飘逸长裙的美女，摇曳多姿。桃花江山水画廊两岸生态环境极佳，呈现“千峰环野立，一水抱城流”，宛如桂林城的水上回廊。
游客乘船在此中前行，画里青山，水中乡村，构成一幅美妙的山水图画。这里不仅有明代旅行家徐霞客的足迹，抗战时期李宗仁代总统的公馆，侗族的风雨桥，还有沿岸乡村鲁家的豆腐、巫山脚的桂林米粉，以及桂剧、彩调、文场、渔鼓、零零落等桂林地方戏曲。桃花江山水画廊呈现的是都市的自然生态，城市中的山水风光。
桃花江流经的都是石灰岩地区，江水清澈、水流平缓，牯牛山、中隐山、狮子岩、西山、青秀山、甲山沿岸耸立，落影水中。行程中，处处可见独具匠心的景致。文化美、园林美、生态美始终贯穿其中。西门桥头附近，在宋代曾经是船泊处，也是桂林名人赵观文曾经停留的地方，建设者专门在此修建了两艘石船，既为恢复古迹，为百姓提供一个休闲场所，也会在晚上进行民乐表演，为桃花江流域增添文化底蕴。
工程建设者引入了“四季有花，四季有色”的理念，并加入苏州园林中“移步换景”的概念，让游览者在不同地方看到的景色都不同。篦子园水域，以往两岸都是防洪堤坝，工程建设者在此使用了叠石堆土的办法，植入了很多树木，还修葺了一些栈道，使两岸成为了一个山水画廊。风雨桥，引用的是侗族的建筑风格，被灯光装饰成金银二色。“两江四湖”二期桃花江干流两岸，灯光每隔一段时间便会改变，这是建设者为了让景色更为丰富而进行的技术升级。

",自驾：桂林绕城(西)/衡阳/机场方向：桂林绕城高速公路—桂林/龙胜方向—僚田互通式立交中桥从入口进入机场高速公路—榕山路/金水路方向—鲁山路—琴潭路—翠竹路—环城西二路—桃花江桥右转进入九岗岭路—桃江码头。,①山水画廊夜景游：19:50、20:10(约90分钟) ②阳江渔火夜景游：20:00(约70分钟) ③山水画廊精华游：9:30、10:30、14:30、15:30(约70分钟) ,     欣欣价-日游四湖豪华船（成人票）：48元起（省22元）； , 60 ,322,322,5
阳朔《印象刘三姐》山水实景演出, 广西·桂林 广西桂林市阳朔田园路39号中国漓江山水剧场 ,桂林,演出,"中国阳朔.刘三姐歌圩山水剧场坐落在阳朔城东漓江与田家河的交汇处，由书童山、玉屏峰、雪狮岭等十二座山峰和1.654平方公里水域构成。
印象刘三姐是中国漓江山水剧场之核心工程，由桂林广维文华旅游文化产业有限公司投资建设、我国著名导演张艺谋、王潮歌、樊跃出任总导演，国家一级编剧梅帅元任总策划、制作人，历时五年半努力制作完成。它集漓江山水、广西少数民族文化及中国精英艺术家创作之大成，是全国第一部全新概念的“山水实景演出”。演出集唯一性、艺术性、震撼性、民族性、视觉性于一身，是一次演出的革命、一次视觉的革命。是桂林山水的美再一次的与艺术相结合的升华表现。
印象刘三姐是全球最大的山水实景剧场、历经5年零5个月、1 .654平方公里水域、12座著名山峰、67位中外著名艺术家参与创作、109次修改演出方案、600多名演职人员参加演出。这部作品于2004年3月20日正式公演；世界旅游组织官员看过演出后如是评价：“这是全世界看不到的演出，从地球上任何地方买张机票来看再飞回去都值得”，议为世界旅游组织目的地最佳-休闲度假推荐景区；2004年11月以桂林山水实景演出《印象刘三姐》为核心项目的中国漓江山水剧场荣获国家首批文化产业示范基地。
在方圆两公里的阳朔风光美丽的漓江水域上以十二座山峰为背景，广袤无际的天穹，构成了迄今为止世界上最大的山水剧场。传统演出是在剧院有限的空间里进行。这场演出则以自然造化为实景舞台，放眼望去，漓江的水，桂林的山，化为中心的舞台，给人宽广的视野和超人的感受，让您完全沉溺在这美丽的阳朔风光里。传统的舞台演出，是人的创作，而“山水实景演出”是人与上帝的共同的创作。
山峰的隐现、水镜的倒影，烟雨的点缀，竹林的轻吟、月光的披洒随时都会加入演出，成为最美妙的插曲。晴天的漓江，清风倒影特别迷人；烟雨漓江赐给人们的都是另一种美的享受；细雨如纱，飘飘沥沥；云雾缭绕，似在仙宫，如入梦境。演出正是利用晴、烟、雨、雾、春、夏、秋、冬不同的自然气候，创造出无穷的神奇魅力，使那里的演出每场都是新的。
演出以“印象刘三姐”为总题，在红色、白色、银色、黄色四个“主题色彩的系列”里，大意地将刘三姐的经典山歌、民族风情、漓江渔火等元素创新组合，不着痕迹地融入山水，还原于自然，成功诠释了人与自然的和谐关系，创造出天人合一的境界，被称为“与上帝合作之杰作”。

",自驾：桂林绕城(东)/阳朔/梧州方向：朝阳朔/梧州方向—包茂高速公路—阳朔/荔浦/G321出口离开—工农桥—终点。,①4月—10月：第一场20:00、第二场21:30； ②11月—3月：第一场19:45、第二场21:10(每场表演约为70分钟)。 ,"     普通席：200元
新贵宾B2席：240元
A.免费政策：儿童身高1.2以下免票
B.优惠政策：儿童身高1.2—1.4米之间购儿童票(不占座)。 ", 10 ,301,301,5
桂林象鼻山, 广西·桂林 广西壮族自治区桂林市滨江路 ,桂林,洞穴 避暑 红色旅游,"象山公园地处广西桂林市中心的漓江与桃花江汇流处，占地面积11.88公顷，山因酷似一只站在江边伸鼻豪饮漓江甘泉的巨象而得名，被人们称为桂林山水的象征。园内自然山水与人文景观交相辉映，山、水、洞、岛、亭、台、坪、径、文物、古迹相映成画，美不胜收，令人心驰神往。象鼻山又名象山，是公园的主要景点，其山形酷似一头驻足漓江边临流饮水的大象，栩栩如生，引人入 胜，被人们美誉为桂林市的城徽。山体前部的水月洞，弯如满月，穿透山体，清碧的江水从洞中穿鼻而过，洞影倒映江面，构成“水底有明月，水上明月浮”的奇观，“象山水月”因之成为桂林山水一绝。水月洞的幽奇迷纪令古往今来的墨客骚人文思泉涌，洞内外石壁上留下了历代石刻文物50多件，多为宋代镌刻。象山南麓，有始建于唐代的云峰寺，象山的东、西麓，艾有石级曲折百上。山顶平展，树木成荫，小径通幽；明代建筑普贤塔耸立于此，塔高10余米，因塔身的正北面嵌有青石平雕的普贤菩萨像而得名，普贤塔形似剑柄，又似宝瓶，古朴凝重；游人立于山顶，神清气爽，极目远眺，桂林山城美景尽收眼底。自然景观，人文景观交相辉映，使得古老而年轻的象山魅力独具。象山公园常举办各类花展，游人徜徉其中，但见山之奇峭、水之碧透、洞之清幽、花之娇媚，几疑身处仙境，流连忘返。桂林之旅，从象山公园开始。
从滨江路步行下江岸，能一览象山全景，“象汲长波，洞生明月”，象山公园的第一景便是“象山水月”。距今1.2万年左右，地壳抬升，漓江水面由2千米宽度不断缩小，江水在山体东麓冲刷溶蚀出一个长17米，宽9.5米，高12米，位于象鼻与象之间通透圆洞，即“水月洞”，又名朝阳洞。江水穿洞而过，山洞如明月浮水。有诗赞曰：“水底有明月，水上明月浮。水流月不去，月去水还流。”与象山隔河相望的訾洲翠竹簇簇，果树葱葱，竹篱茅舍掩映其间。若是雨季，云蒸雾腾，村舍与绿树皆似披上一袭轻纱，古人称之为“訾洲烟雨”。将其列为桂林八大胜景之一。此时的巨象仿佛被赋予了生命，在烟雨中惟妙惟肖。象山水月被视为桂林的象征，是中外游客最为神往的风景点。
象鼻山看点：
水月洞
在象鼻山的象鼻和象腿之间。距今约1.2万年前， 地壳抬升，漓江缩小，加速了水月洞的发育, 形成一个东西通透的圆洞。长17米，宽9.5，高12米，面积约150平方米。《象山记》载， “有石穴一，彼此可以相望, 形圆而长，其半入于漓水中，水时高时下，故其穴亦时有大小”。
水月洞洞口朝阳，亦名朝阳洞。但洞在水上, 如明月浮水，十分形象, 所以水月之名，一直沿用至今。“象山水月”是桂林山水一大奇景, 文人学士属文赋句，莫不叹为观止。宋蓟北处士《水月洞》诗有“水底有明月，  象鼻山水上明月浮。水流月不去，月去水还流”之句，细致刻画了天上、洞中，水底月亮相互辉映的奇迹。象山的水月与南望的穿山月岩相对， 一悬于天, 一浮于水，形成“漓江双月”的奇特景观。
宋代在洞中建朝阳亭，清代改称得月楼，已废。洞内有张孝祥《朝阳亭诗并序》、范成大《复水月洞铭》、陆游诗稿手札等摩崖石刻50余件。
朝阳亭
在像鼻山水月洞内，始建于宋，亭已早废，但远在800多年前，围绕水月洞的命名，两位桂州前后任的地方长官之间展开的一场背靠背的笔墨官司，一直成为到此游览的人们永恒的话题。原来，南宋乾道二年(公元1166年)，张孝祥游水月洞留连至晚不归，不久再度重游， 一高兴题诗作序，因洞口东向，把亭名、洞名、岩名统统已为“朝阳”，并把记述其事的《朝阳亭诗序》该在水月洞北壁。其后, 范成大主桂，持不同意见，恢复了原名，写下《复水月洞铭》，并镌在洞的南壁。
象眼岩
象眼岩位于象鼻山山腰南北两侧， 互相贯通，高约2米，宽5～10米，长52.8米，呈扁长形，面积约274平方米。象眼岩原是一段不长的古地下河道，形成年代比水月洞早，因部位恰巧在象眼处而得名。从象山南麓南极洞口，沿石级可登上南眼。出象眼岩，盘山道可达山顶。北眼悬崖峭壁，无磴可通。象眼岩南北两洞，是一对眺望风景的绝妙窗口。从左眼张望，高耸的漓江饭店近在咫尺，城区楼宇街市鳞次栉比，半城山芭历历在目；从右眼远眺，江波帆影， 闪烁隐现于訾洲、塔山、穿山之间。 云崖轩 宋代园林建筑。明张鸣凤《桂故》载： “故宋提刑方公信孺即南壁下建精舍以居, 曰云崖轩。轩废已久。”根据方信孺《题云崖轩》和邵以仁在方所镌诗之前便建“古云崖轩”的记述。云崖轩确建何时无可考。方信孺诗有“不用穷探费杖藜， 隐然林壑挟城陴。曾尊月洞千岩上, 更著云崖一段奇”之句，说云崖轩建在象山麓是可信的
普贤塔
普贤塔远看像插在象背上的剑柄，又像一只古雅的宝瓶，因此称“剑柄塔”，或“宝瓶塔”。 该塔建于明代，塔高13．6米，塔基为双层八角须弥座，在第二层基座正北面，嵌有青石浅刻的南天普贤菩萨像。普贤塔位于象山之颠，不仅与桂林山水的传说相吻合，又印证了普贤菩萨乘大象之说，而大象驮宝瓶，在亚洲各国的许多传说中，也象征着和平、美好和幸福。象鼻岩与水月洞相邻，在象鼻山的象鼻稍后处而得名。岩高1.9米,，宽3.3米，长约13.5米， 面积44.5平方米。岩口面江， 东向，呈条形封闭状态, 是内凉、眺望江景佳处。明代学者毛宾泉曾在此读《周易》后人在岩口刻“读书岩”3字，并称此岩为“点易山窗”。万历丁丑(1577)春正月中进行修整， 有“宾泉山人开深此洞”题名石刻。明诗人张襄《访毛宾泉点易山窗》诗, 有“千顷水光涵洞府”， “山窗寂静观周易”句，详见水月洞摩崖石刻。
","自驾路线：
①下机场高速后沿翠竹路行至上海路口，左转（下立交桥），行至民主路的象山广场（景区停车场）
②（自驾车）近 “滨江路”与“民主路”交叉
乘车路线：
起始地点——名称/位置——距景区公里数——如何到达景区
机场——两江机场——35——在机场乘坐机场大巴至桂林民航大厦转16路公交车
火车站——桂林站——1——在火车站对面公交车站乘坐16路公交车
市中心——中心广场——小于1000米——从中心广场走至正阳步行街南端，再向东走200米",淡季：7:00—21:30（12月- 3月为淡季），旺季6:30—21:30(4月-11月旺季) ,"         80元
A.免票政策：儿童身高1.2米（含1.2米）以下或6周岁（含6周岁）以下免票； 残疾人凭《中华人民共和国残疾人证》游览景区享受免票。
B.优惠政策：现役军官免票、革命伤残军人、烈属凭证可免费进入七星景区、伏波山、叠彩山、象鼻山，按门市价半价购买芦笛岩门票 ，6周岁至18周岁（含18周岁）的未成年人，全日制大学本科及以下学历学生按门市价半价购买门票。 ", 23 ,351,351,2
桂林七星公园, 广西·桂林 位于广西桂林市漓江东岸 ,桂林,山脉 石刻 公园,"七星公园位于桂林市漓江东岸，因有七星山而得名，是桂林最大的综合性公园。普陀山是七星公园的主山，著名的七星岩就在普陀山腹、 七星山七峰并峙，宛如北斗七星座；北四峰象斗魁，称普陀山，南三峰象斗柄，称月牙山，山多溶洞，岩洞雄奇深邃，洞中石钟乳、石笋、石柱、石幔……千姿百态、蔚为状观。小东江经花桥顺月牙山蜿蜒南流，水中青峰桥影相映成趣。 七星公园具有典型的岩溶地貌景观，集山青水秀,洞奇石美四绝于一体。一千多年前的隋唐时代，七星岩就成为浏览胜地。历史上形成了“北斗七星”、“栖霞真境”、“月牙虹影”、“驼峰赤霞”、“龙隐奇迹”等名胜。摩崖碑碣有500多件，为山水增添了历史文化的光彩。
七星公园看点
七星公园因山而得名，它荟集了山、驼峰、普陀山、七星岩、月牙山以及桂海碑林等，是人们的必游之地。风景区内主要旅游景点：
七星山
在漓江东岸， 距市中心1.5公里， 由普陀山天枢、天璇、天玑、天权4峰与月牙山玉衡、开阳、瑶光3峰组成， 海拔依次为265、255、248、245、255、241、250米， 7个山尖几乎摆在一个水平上。普陀月牙， 一东一西， 相互连属， 分布如太空北斗七星， 山名以此而来。山体面积51.5公顷， 以岩多洞奇著称。七星岩而外， 有元风、玄武、白鹤洞和四仙岩、曾公岩等几十个岩洞。普陀山的石林， 突兀峥嵘。驼峰下的盆景苑， 集桂林石木之胜， 苍劲挺拔， 气度非凡。更为珍贵的， 有隋唐以来石刻500余件。
七星岩
位于七星公园普陀山腹，是国家首批AAAA级景区。 岩洞长约1100米， 最宽处54米， 最高处27米，是距今100万年的一段古老的地下河。七星岩又称栖霞洞、碧虚岩等， 七星岩之名起于宋代。该岩本为地下河床， 后因地壳变动， 地下河上升， 露出地面成为岩洞。 其后，在漫长的岁月里，雨水沿岩石缝隙不断渗入， 溶解石灰岩， 并不断在洞内结晶， 从而形成许多千姿百态的石钟乳、石笋、石柱、石幔、石花等蔚为奇观的自然景致。七星岩如今是桂林最著名的游览胜地之一。 七星岩分上、中、下三层，上层是顶穹残存的洞迹，下层是仍在发育的地下河。现供游览的是中层，最宽处43米，最高处27米，整个游程814米，洞温常年保持在20℃左右。岩洞分为6个洞天，35处景观，处处栩栩如生，形神兼备。整个岩洞雄奇深邃，如童话世界般瑰丽多姿，被誉为“神仙洞府”。早在1300年前，即从隋唐时代起，七星岩就已经成为旅游胜地，留下的题刻多达120多件。大旅行家徐霞客曾于明崇祯年间两次来这里考察，美国前总统克林顿1998年亦饶有兴味地游览七星岩，老一辈革命家叶剑英也曾写下“海洋冲刷山川洞，石乳冰凝玉塑山。幽窟千年供避难，今游人乐尧舜天”的赞美诗句。明代画家张文熙称之为“第一洞天”，并刻于石壁上，成为游人入洞观赏到的第一个景观。七星岩（“栖霞真境”第一洞天）为桂林经典八景之一。主要景点：“古榕迎宾”“江山多娇”“刘三姐歌台”“九龙戏水”“边寨风光”等。
天柱石
在七星公园西， 花桥东。石挺拔矗立如柱， 故有“天柱”之名。又如未放的芙蓉， 亦名“芙蓉石”。石高约10米， 上刻“毛泽东思想万岁”7个大字。北临灵剑江， 江中矶石上筑有小亭。东南茂树葱茏， 浓荫簇拥。石颠有小叶榕， 亭亭如盖。天柱北面刻有崇宁五年(1106)和光绪十一年(1885)的洪水标记， 是研究古代水文的重要资料。晚清著名临桂词人况周颐曾住天柱峰下， 有“天柱峰下人家”小印一枚， 常盖在词笺上。   花桥
花桥
是桂林最古老的桥，始建于宋代嘉熙年间。它位于公园正门，横跨在小东江和灵剑溪汇流处之上，全长135米。桥面有风雨长廊，桥亭覆绿色琉璃瓦，桥身为磐石，具有浓郁的民族风格。每年春夏，花开烂漫，桥畔繁花似锦，桥两岸遍植桃花、翠竹，小桥掩隐于“满溪流水半溪花”之中，花桥因此而得名。现桥是1965年依原式重修的四孔桥，青石所砌。桥下，四个半圆的桥孔与其在水中的倒影形成四个玉盘，状如满月，正如“四轮明月伴芙蓉，半入澄江半化虹”诗句中所颂的 “花桥虹影”之美景。
普陀山
是七星公园的主体。由七星山西北的天枢、天璇、天玑、天权四峰组成。海拔265米，因山上供奉观音菩萨，俗称之为普陀。普陀山景观丰富，岩洞、亭阁很多。其中七星岩最为著名，亭阁则以栖霞亭、碧虚亭一组构筑尤为别致。山的西麓有元风洞，盛夏酷暑，此处却凉风习习，从这里沿桂花林荫道北行不远是普陀门，入门上山。山上有普陀石林、普陀楼、观音洞、玄武阁等多处景观。直至天矶峰上的摘星亭，登亭极目四望，便可观赏到宋代大诗人刘克庄所写的“千峰环野立，一水抱城流”的壮丽景色。 　　普陀山 文物古迹甚多，仅石刻就有200多件，最珍贵的有唐代颜真卿的“逍遥楼”、宋代范成大的《碧虚鸣》、明代的“龟蛇合一”浮雕。
骆驼山（驼峰山）
位于普陀山后，其状酷似一只蹲在地上的骆驼。又因其像一只古代的酒壶，又称它作壶山或酒壶山。因其状态酷似骆驼， 遂名之。明代末年有江南名士隐居于此，遍种桃花。每年春天，桃花繁盛，花开如红霞一片，仿佛给骆驼山披上赤霞，景色极其优美，古人称之为   骆驼山
“驼峰赤霞”的景观，是桂林十大景之一。1998年7月，美国总统克林顿在山旁的盆景艺苑内与中国民间人士举行环保座谈会后，在骆驼山前的草坪上，发表了环保演说，并一边手摇一把桂林的折扇一边说，并诙谐地称之为“节能空调”。 　　每当晨昏， 霞光映耀山石， 色泽斑斓， 颇为壮观。明清以来， 山下遍植桃树， 若逢春至， 桃花烂漫， 江霞紫务， 分外妖娆。因此， “壶山赤霞”为清代桂林新八景之一。现山周围辟有动物园、盆景艺苑、花圃茶室等亭台楼阁。骆驼山与雷酒人有关，雷酒人又与酒有关。雷酒人，原名雷鸣春，号亮工，明末江南儒生，后流落到桂林，驻在山下。雷鸣春喜欢喝酒，常饮不醉。人们有又称他为“雷酒人”。他能诗善文，著有《大文参》、《桂林田海志》等著作。他还在山前山后，变奏植桃花，每当春天，“桃花年年烂漫开”时，驼峰在花丛中，更加生气勃勃，精神抖擞。雷酒人死后，葬于骆驼山下。文林郎广东临高县知县樊庶于康熙五十二年在骆驼山的骆驼颈部刻上“雷酒人之墓”五个字，对与他乐于助人，讲义气、重节操表示敬仰。桃花依旧， 桂树成林， 花果满园， “壶山赤霞”更加绚丽多姿。
护碑亭
在普陀山南麓山门东侧。1974年兴建， 以保护同刻在阴阳两面的唐颜真卿书“逍遥楼”和宋李彦弼的《湘南楼记》珍贵石刻， 故名护碑亭。因“逍遥楼”出自大家手笔， 碑亭又被称作“逍遥亭”。亭高4.5米， 长6.7米， 深4.6米， 面积30.6平方米， 为钢筋水泥结构的4柱、单檐、绿瓦仿古建筑， 简朴、典雅， 不与名碑争胜， 兼有护碑、会景的作用。步入碑亭， 欣赏书法艺术， 浏览方志资料， 兼得园林胜景之趣， 实在是赏心的乐事。亭内原来还有明包裕《重修广西省城碑记》， 现已他移。
摘星亭
位于海拔248米的七星山天玑峰顶， 单檐、8柱8角， 混凝土结构， 长宽各5.2米， 高6.5米， 面积27.04平方米， 建于1958年。摘星亭是七星山7座山峰唯一的高亭， 立于亭上， 可以旷观。东可眺尧山、天圣、屏风、猫儿山; 北可望虞山、叠彩、仗波、老人诸山及清澈的漓江; 西可赏象鼻、南溪诸胜， 故曾有“旷观亭”之名
三将军墓
在普陀山半山腰的博望坪。1944年11月， 在抗击日本侵略军 的桂林防卫战中，第31军参谋长吕旃蒙、防山军司令部参谋长陈济桓、第131师师长阚维雍壮烈牺牲。1946年， 国民党政府建“三将军墓”以示纪念， 蒋介石、李宗仁、白崇禧均有题字。1982年重修， 墓地呈葫芦形， 宽16米， 长20米， 占地320平方米。
月牙山
位于普陀山南面，由七星山南面七座山峰组成，因山腰有一月牙岩石，远眺如一弯新月而得名。月牙山有月牙楼，此地的素食有百年历史，尼姑面最为著名。沿山麓小道西南而行，可上到伴月亭，由此观看花桥倒映于清澈的小东江中，极富诗意。再向前不远即可达月牙岩和襟江阁。顺山势南下便进入龙隐洞。洞顶上有条天然蜿蜒的龙形石槽，洞口书有“破壁而飞”四个大字，传说此处为矫龙腾空而去所留下的“神龙遗迹”，古人由此而留下“飞腾不知几千载，至今点点龙鳞开”的诗句。   桂海碑林
桂海碑林
龙隐洞以及附近龙隐岩内碑刻如对，以至于“壁元完石”，故称桂海碑林。碑林共有石刻220多件，内容涉及经济、军事、文化、民俗等，形式多样，有诗、文、歌、赋、对联、图象等，书体有楷、草、隶、篆等，具有极高的史料价值和书法艺术欣赏价值。 　　桂海碑林碑阁内收集了桂林其它山岩上千件重要的石刻拓本，均为稀世珍品。拓自桂林城北鹦鹉山上的《靖江府城图》，是国内现存的两件最古老的古代石刻地图之一，也是我国面积最大的一幅石刻城图。这幅地图最早采用写景式符号，是地图设计史上的一个重大创举。还有唐代韩云卿的《平蛮颂》、《舜庙碑》，记载了唐王朝平定西原酋长潘长安的经过；宋代孔延之的《瘗宜贼首级记》、余靖的《大宋平蛮记碑》记述了宋王朝平定宜州欧希范的情况；南宋陈弥寿的《新建犒库记》、李曾伯的《抗元记功碑》，记载了元军进攻云南、广西、湖南，及宋军阻截的经过。
月牙楼
是桂林名楼，它坐落在月牙山的玉衡峰北麓。楼有3层，可同时容纳500人就餐。 下为餐馆、小卖部， 中为素食馆， 上为宴会厅、观景楼，二、三楼设有国宴包厢十余间。主楼长31米， 深13米， 总面积近1200平方米。楼后有架空的走廊与后山凉亭相通。整个建筑由楼、亭、廊组成，飞燕敞阁， 错落有致，古色古香， 与自然环境紧密结合。月牙楼以其传统素食著名，有桂林素食第一楼之美誉。这里的素食有100多年的历史， 独具一格。早在200余年前的清朝，月牙山下的尼姑庵香火十分旺盛，尼姑们为了答谢前来进香的客人便以素食待客，其中最为著名的“尼姑面”一直流传至今。登楼品尝地方风味的同时， 还可以观览普陀山、博望亭、普陀精舍、花桥、展览馆以及远山近景，“月牙楼”就是1963年郭沫若就餐时题写。郭沫若还题诗赞美曰： “月牙楼是画廊楼， 八面奇峰豁远眸。毋怪楼中无一画， 画图难及自然优。”   华厦之光
“华夏之光”广场
位于普陀山与月牙山之间，总面积13520平方米。它有两件大型艺术品：一是华夏之光石雕壁画，全长106米，高5米，由100多个石雕组合而成，集我国古代四大发明、科学技术等先进成果为一图，反映了中华民族五千年文明之精华；二是世纪宝鼎，其高4.6米，四足举鼎，立于圆形的花岗岩台座内，象征着国泰民安。大鼎重达24吨，是用整块曲石雕刻而成。这两件艺术品构成七星公园的新景观。
玄武洞
在普陀山北半山腰， 与白鹤洞相连。洞口向西北， 高5～6米， 宽2～15米， 深21米， 面积230平方米。洞呈喇叭形， 前大后小。洞中有全真观， 为元代所建， 明改名真武阁， 后因避讳又改为玄武阁， 洞亦更名玄武洞。玄武客早废， 抗战胜利后重盖， 1989年拆除原格， 重新修建。一偏一正， 分别为45、100平方米的仿古混凝土结构， 飞角、单檐， 高6.5米。偏客南向， 正阁西向， 均有“玄武阁”匾额。从偏阁登10数级石阶， 达正阁， 为8柱大厅， 前可凭栏眺望普陀山麓秀色， 后通白鹤洞，经四仙岩， 达名闻遐迩的七星岩。透过阁楼南窗， 可以看见明代浮雕《龟蛇合一》。
元风洞
古称玄风洞， 俗称劳动量荽岩。在普陀山西麓， 洞口西向， 高3～24米， 宽2～15米， 深250米， 面积1945平方米。元风洞与普陀山其它洞占相通， 形成空气对流， 洞口有一股强劲气流， 洞内空气清新。由于日照， 山体热量的聚散， 山洞的气温终年保持在20℃左右。洞外温度， 夏日最高达39℃， 冬天最低-5℃。洞内外温度相差15℃左右。洞内题刻的“温凉别况”以及田汝成的《游记》中“冬时温如火， 盖阳伏之征也”的记载， 准确地概括了元风洞冬暖夏凉的特点及其原因。宋诗人赵少隐曾在洞口建“来风亭”， 明吕调阳曾筑“七星庵”， 清改为“大贤庵”， 现已无存。
游乐设施
冒险树
是由桂林旅游发展投资有限责任公司与法国公司共同合作的新型户外体验项目。这是一个历史悠久的深受人们喜爱的户外探险项目，可以缓解现代人的各种压力，而特意针对儿童开发设计的线路旨在锤炼其意志力。此次“冒险树”落户桂林市七星公园，除了保留其精髓所在，还对其进行了适当的改造，使其具有“本土化”特色，更适合国人的口味，冒险树汇集了高空、速度、力量、毅力等户外探险的必备元素，以其环保、时尚、安全、其乐融融等特点风靡全球。
","1、景区内除步行游览外，可提供付费观光电瓶车全程游览。
2、公交车10路、11路、14路、18路、25路、30路、31路、98路、免费公益车52路、58路可达景区花桥大门。
3、公交车14路、25路、28路、30路、31路、98路、免费公益车52路可达景区驼峰大门。
4、公交车10路、24路可达景区栖霞大门。
5、公交车14路、25路、28路、30路、31路、98路、免费公益车52路可达景区龙隐大门。
6、景区穿梭巴士可直达景区花桥大门、驼峰大门。",旺季6：00-19：30 　　淡季6：30-19：00 　　 ,         75元（不含七星岩30元/人）(1.1米以下儿童免票，1.1-1.4米儿童半价 )。欣欣门票价格：55元起。 , 40 ,302,302,5
桂林市乐满地度假世界, 广西·桂林 中国广西桂林兴安县志玲路 ,桂林,游乐场,"孩子们的天堂，在这里到处可见孩子们及家长的欢声笑语，家庭、朋友们的之间的感情可在这里发挥得淋漓尽致、其乐溶溶。乐满地主题乐园是一个类似于美国迪士尼乐园的大型娱乐场所。包括有美国西部区、中国城、梦幻世界、海盗村、南太平洋区等特色游乐景观区。能够为到桂林旅游的朋友提供完善、多样的娱乐空间。整个园区可观、可闻、可游、可赏、可疯狂、可闲逸……是一个诞生在桂林这个山水千年不变的旅游王国的欢乐世界。
【主要景点】
灵湖
乐满地度假世界依灵湖而建。灵湖素有小西湖之美誉，水深达30米，水质清澈冰凉。静如处子的灵湖，清澈的湖水，翠柏倒影，碧波荡漾，此情此景，令人陶醉其间，乐而忘返。
乐满地主题乐园
主题乐园里撷取世界各地的梦幻情境，共分为欢乐中国城、美国西部区、梦幻世界区、海盗村、南太平洋区、欧洲区、森林游乐区7大特色主题区。
六大主题介绍：
南太平洋区（热情洋溢）
随处可见的热带风情的棕榈树、竹藤、茅草屋和一座座神秘的土著石雕及色彩鲜明的图腾，使整个南太平洋区充满了浓郁的异族情调。
美国西部探险区（狂野刺激）
让游客重回美国拓荒时期的著名采矿小镇，重现狂野刺激的牛仔街头枪战，为您揭开西部开拓中的艰苦与血腥。
中国城区（时空交错）
千年古老而神秘的中国古城，在万里长城的穿针引线下，展开时空交错的探险之旅。
梦幻界区（奇妙魔幻）
就像爱丽丝梦游仙境般，所有的东西都像糖果样的流动甜趣，老树突然开口说话，皮宝宝和你眉来眼去，一切都美妙神奇。
加勒比海盗村（探险古怪）
体验一把电影《加勒比海盗》内的惊心动魄的场景。
欧洲区（高贵典雅）
欧洲区为2003年9月新建设的主题区。这里呈现给游客的是欧洲中古世纪城堡建筑，高耸的尖塔、墩柱、贺形城堡及护墙、交叉的拱顶、喷泉，无不透出高贵典雅的欧式建筑风格，体验圣战骑兵所带来的疯狂感觉。
丽庄园木屋别墅区
由木屋区构成整个度假区的主线，宛若置身于童话世界美丽的城堡中。另有数百座露营平台及大型篝火场，可以进行烤肉和大型的篝火晚会。
乐满地高尔夫俱乐部
乐满地高尔夫球场为国际标准27洞美式丘陵球场。前9洞以山景为主，球道的丘陵造型与四面起伏的环山相互辉映，形成一幅最佳的自然景色。后9洞以湖景为主，球道沿着自然的湖岸设计，有过湖湾的障碍，还有面积不大的小岛果岭，让球友感觉有另一个极富挑战性，视野更开阔的挥杆场地。此外，球界的专业人员向会员提供专业的球场服务。高尔夫球会馆设有中餐厅、咖啡厅、会议室、精品店等。
乐满地茶花
乐满地茶花基地占地约四十余亩，成功引种并栽培成活了上万株茶花大树和嫁接苗，共计收集了380多个中外茶花品种，主要有从欧美、日本等地引进的名贵品种，以及国内的优良品种。同时每年1－3月份左右，乐满地都将举办茶花主题的相关活动，届时漫步灵湖畔，您会欣赏到“万朵茶花俏争春”的壮观画卷。茶花现已成为乐满地的重要文化代表，茶花也成为乐满地度假世界主题乐园的园花。

","公交：乘坐乐满地旅游专线车（途经站点：桂林汽车总站—兴安汽车总站—乐满地）。开车时间：每天7：00—21：00按时刻表实行流水发车。约30分钟一趟。
自驾：广西壮族自治区桂林兴安县
从三台路向西方向，前往兴桂路350米
在兴桂路向左转500米
3.在灵湖路向左转550米",3月-10月 09:00-17:30；11月-次年2月 09:00-17:00 ,     150元/人 , 30 ,380,380,3
阳朔世外桃源, 广西·桂林 广西桂林阳朔白沙镇桂阳公路 ,桂林,民居 游船 公园,"自从晋代文学家、诗人陶潜（又名渊明，约公元376-427年）写了一篇传颂千古的文章《桃花源记》以来，人们就不断地按照书中所描述的情景去寻找各自心目中的理想国度--世外桃源。
在以山水风光秀甲天下的桂林阳朔县境内，就有这么一处""世外桃源""。早在二千多年前，""世外桃源""的所在地曾是汉代以来的古驿道地区，至今那里仍有不少汉墓群遗址。笔架山一带周边十余里范围内，村民们均有种植桃树的习惯。每年三月，桃花怒放，状如云霞，加上金黄色的油茶花和雪白的茹菜花，再镶以紫红色的红花草，一眼望去，简直就是一个五彩斓的锦绣世界。在乌龟河两岸和燕子湖边，数以十万计的各色桃花染红了青山脚下、村边路旁。沿途的田园村舍、古桥溪河、深潭溶洞，加上在田野上耕作的村民，构成了一幅理想中的世外桃源景象。
景区的游览方式主要分水上游览和徒步观赏。水上的游览乘轻舟环绕湖光山色，经田园村舍，过绿树丛林，又穿山而出，沿途可经原始形态的迎宾、祭祀、狩猎，又可欣赏到民族特色的狂歌劲舞、边寨风情；徒步观赏的民寨群是桂北各少数民族建筑的一个缩影，鼓楼、风雨桥、对歌台、花楼、长廊、图腾，充分展示了各民族文化的光彩特征。
渊明山庄是景区有机的组成部分，融合了苏州园林的布局和桂北民居的建筑风格，开窗即景，一窗一景，移步换景。在渊明山庄里还可以回顾古文明的光辉，古代的酿酒、造纸、印刷、竹雕、木刻、陶器表演，再现了中华民族的智慧。

","世外桃源位于阳朔县城15公里的桂阳公路之上，隶属距桂林市区50多公里的白沙镇。
1、从阳朔出发，车费约6元/人，从桂林出发，车费约8元/人。
2、如果喜欢自由自在，也可在阳朔租辆自行车前往，沿途细细品味阳朔到“世外桃源”之间的秀美风光。",8：30～17：30 ,         100元 , 30 ,326,326,2
桂林银子岩, 广西·桂林 广西壮族自治区桂林市荔浦县马岭镇银子岩景区 ,桂林,洞穴 避暑,"银子岩旅游景区位于桂林市荔浦县马岭镇，321国道旁，距桂林市中心85公里。银子岩景区四周群山环抱，俊秀的小青山、朝寨山拔地而起，耸立于碧波荡漾的青湖之滨。景区内花香、果香、稻香四处溢香，湖光山色交相辉映，牛悠马闲，鸡犬相闻，呈现一派迷人的田园风光。山青、水秀、洞奇、石美，享有“桂林山水代表”之美誉。银子岩属层楼式溶洞，已开发游程约2公里，汇集了不同地质年代发育生长的各种类型的钟乳石，以音乐石屏、广寒深宫、雪山飞瀑、佛祖论经、独柱擎天、混元珍珠伞等景点为代表，栩栩如生、形象逼真。银子岩以雄、奇、幽、美独领风骚，被誉为“世界岩溶艺术宝库”。银子岩旅游景区于2001年12月，荣获“桂林市文明旅游风景区示范点”称号。银子岩景区融吃、住、游、购、娱为一体。青湖宾馆设施完备、安全舒适；红崖健身攀崖惊险刺激，其乐无穷，是您度假、休闲、郊游、娱乐、游览观光之胜地。
看点
银子岩洞内特色景点数十处，最为著名的景观有三绝：雪山飞瀑、音乐石屏、瑶池仙境；三宝：佛祖论经、混元珍珠伞、独柱擎天。大自然的鬼斧神工在这里被展示得淋漓尽致，故被誉为“世界溶洞奇观”。同时，银子岩世界旅游度假风景区集自然、人文景观于一体；前有广袤的田野，俊秀的小青山、朝寨山拔地而起，使人流连忘返；宋朝英豪杨文广、抗法英雄陈嘉的传奇故事，更为景区增添许多人文色彩。
三绝
雪山飞瀑：置身此景，银光闪闪、雪白晶莹，像石崖上万道流水奔泻而成的一匹银瀑。壮美不乏妖娆，令人沉醉而不知今夕何年……
音乐石屏：由数多深浅不一、薄厚不同的石幔、石片组合而成，是广西目前发育最完整的一组石屏，更绝的是当轻轻拍打它就会奏出空灵曼妙的仙乐，故称“音乐石屏” ！
瑶池仙境：在水镜倒影的衬托下，内里容颜随之变化，美轮美奂，此景只应天上有，人间哪得几回闻？
三宝
佛祖论经：天然形成的如来佛祖盘腿高坐在佛堂上宣讲佛经，使得赶来听经朝拜、满怀虔诚的众弟子久久不愿离去。
混元珍珠伞：传说这把神伞能呼风唤雨，收妖镇怪，如今收于洞中，成为“镇洞之宝”，其中间大两头小的奇特造型也成为现代地质学上的难解之谜。
独柱擎天：柱身中部长出许多枝杈，曲折玲珑与刚直壮丽合而为一，让人不得不由衷的赞叹大自然的鬼斧神工。
银子岩以其雄、奇、幽、美的溶洞景观独领风骚，洞外则以幽静而恬美的自然风光而著称，“山水横拖十里外，楼台高起半山中”，远眺群峰环绕，广袤的田野，俊秀的小青山、朝寨山拔地而起，不牵不连，洒脱于尘世；农家屋舍聚集山下，呈现出一派田园风光，清湖小岛簇簇桃林，满山茂林修竹，山山水水都绿得迷人！人们在苍翠中自由一种清幽、怡心，回归大自然的感觉，被游客们誉为“诗境家园典范”之美称。银子岩景区已晋升为国家4A级旅游景区，并荣获“桂林市文明旅游景区示范点”称号，是大桂林旅游圈中一颗新升起的璀璨明珠。
","自驾路线：
桂林方向：上海路—环城西一路—环城南三路—进入G321—G65—G72—阳朔—到景区
广州方向：桂林绕城高速公路—包茂高速公路—从阳朔—荔浦—G321出口离开—朝荔浦/高田方向—G321—到景区",08:00—17:30 ,"       65元。
特殊人群：儿童身高1.4米以下免票。 ", 30 ,344,344,3
阳朔遇龙河, 广西·桂林 广西桂林 阳朔县 ,桂林,NA,遇龙河是漓江在阳朔境内最长的一条支流，全长43.5公里，流域面积158.47平方公里，流经阳朔县的金宝、葡萄、白沙、阳朔、高田等5个乡镇、20多个村庄，人称“小漓江”，不是漓江胜似漓江。尤其是从遇龙桥到工农桥15.36公里水程，有28道堰坝，景点百余处，整个遇龙河景区，没有任何所谓现代化建筑，没有任何人工雕琢痕迹，没有任何一点都市喧嚣，一切都是那么原始、自然、古朴、纯净，实为桂林地区最大的纯自然山水园地。如果把漓江比成“大家闺秀”，那么遇龙河则是让人怦然心动的“小家碧玉”。国内外专家一致确认，“遇龙河是世界上一流的人类共有的自然遗产。”遇龙河两岸一派田园风光，赏心悦目。天平绿洲、情侣相拥、平湖倒影、夏棠胜境、双流古渡、梦幻河谷等等，让人仿佛进入了天人合一的诗意境界，返朴归真的自由天地。广西最著名的三座古桥――遇龙桥、仙桂桥、富里桥都在遇龙河景区；而被誉为“将军府第”、“进士楼阁”的旧县村就在遇龙河畔；唐代归义县遗址、潘庄遗址、徐悲鸿画室、明清时期留下的古宅民居，使人顿生怀古忆旧之情。不过，最刺激、浪漫、潇洒的还是漂游遇龙河，竹排过坝，惊险刺激；荡舟平湖，轻松愉悦，被人们视为挡不住的诱惑，酷煞人的时尚。人们只用一个字来形容漫游遇龙河的感觉：那就是：“爽”！,"1、在阳朔乘到桂林的班车在白沙镇下车，票价2元，在白沙镇坐三轮车。2元就可以到遇龙桥。
2、骑自行车，从阳朔沿遇龙河逆流而上，至遇龙桥，大约一小时左右。
3、租摩托车到遇龙桥，大约30分钟，40元。
4、也可以在阳朔汽车站坐开往金宝的中巴车，中途在金龙桥下车，从金龙桥可开始漂流。",NA,NA,NA,364,364,5
独秀峰·王城, 广西·桂林 桂林市王城路1号 ,桂林,山脉 湖泊 石刻,"桂林独秀峰王城景区，桂林市区首家国家5A级景区，以桂林“众山之王”独秀峰为中心，明代靖江藩王府地为范围的精品旅游景区。景区内自然山水风光与历史人文景观交相辉映，可谓“景中城，城中景”，更是桂林这座世界著名的山水历史文化名城的载体。流传于世界的“桂林山水甲天下”这千古名句即源于独秀峰石壁。自古以来，王城景区被 奉为桂林的风水宝地，更是整个桂林城市的发祥地。它涵盖了桂林三大历史文化体系，是桂林历史文化的典型代表，走进景区就走进了桂林历史文化之门。因此形成了“桂林山水甲天下，阅尽王城知桂林”的名句，被世人广为流传。

独秀峰：是桂林市的标志之一。素有“南天一柱”的美誉，史称桂林第一峰。山峰突兀而起，形如刀削斧砍，周围众山环绕，孤峰傲立，有如帝王之尊。登山306级可达峰顶，是鸟瞰桂林全景的最佳观景台。独秀峰海拔216米，高出平地66米，北距叠彩1000米，东距伏波500米，远近诸山环绕，犹如群臣朝拜，形成“孤峰不与众山俦”之王者气象，笑傲群山，被称为“群山之首，众山之王”。峰壁摩崖石刻星罗棋布，纵横出世，其中千古名句“桂林山水甲天下”就出自于此。更有太平岩内的世界文化奇观“太岁”摩崖石刻。南麓南朝文学家颜延之的读书岩，为桂林最古老的名人胜迹。桂林四大名池之一的月牙池荡漾于山脚，青山碧水，相映成趣，为桂林古八景之一。

读书岩：位于独秀峰东麓，是一个天然形成的岩洞。岩内构造奇特，冬暖夏凉，读书岩有着厚重的历史文化底蕴。我国南朝时期著名文学家颜延之任始安郡太守时，常在岩洞内读书写诗，开创了桂林儒学之风。后人为了彰益他开创的文教之风，将他在独秀峰读书的岩洞命名为“读书岩”，为桂林最古老的名人胜迹。



","1、公交车1路、22路、30路、99路、100路等到市区中山中路乐群路口站，往东50米;

2、公交车10路、11路、14路、18路、98路等到市区解放东路解放桥站，往北100米。",春秋季：7:30—18:00（3月1日—4月30日；10月8日—12月7日）   夏  季：7:30—18:30（5月1日—10月7日）   冬  季：8:00—18:00（12月8日—次年2月28日 ,         130元/人。欣欣票价：99元起。 , 40 ,313,313,5
龙脊梯田, 广西·桂林 广西壮族自治区桂林市龙胜各族自治县和平乡平安村龙脊山 ,桂林,NA,"龙脊梯田始建于元朝，完工于清初，距今已有650多年历史。龙脊开山造田的祖先们当初并没有想到，他们用血汗和生命开出来的梯田，竟变成了如此妩媚潇洒的曲线世界。他们建设家园的智慧和力量，从龙脊梯田身上得以充分地体现。
梯田分布在海拔300至1100米之间，坡度大多在26至35度之间，最大坡度达50度。从山脚盘绕到山顶，小山如螺，大山似塔，层层叠叠，高低错落。从高处望去，梯田的优美曲线一条条、一根根、或平行或交叉，蜿蜒如春螺、披岚似云塔，显示了动人心魄的曲线美。其线条行云流水，潇洒柔畅；其规模磅礴壮观，气势恢宏，有“梯田世界之冠”的美誉。
从流水湍急的河谷，到白云缭绕的山巅，从万木葱茏的林边到石壁崖前，凡有泥土的地方，都开辟了梯田。垂直高度五六里，横向伸延五六里。那起伏的、高耸入云的山，蜿蜓的一级一级登上蓝天。梯田，像天与地之间一幅幅巨大的抽象画。每个看见这一景色游客的心灵都会被深深地震撼，这是一种难以言表的，一种被大自然的雄奇以及人的伟力所引起的震撼。 这里一年四季景观各异，春来，水满田畴，如串串银链山间挂；夏至，佳禾吐翠，似排排绿浪从天泻；金秋，稻穗沉甸，像座座金塔顶玉宇；隆冬，瑞雪兆丰年，若环环白玉砌云端。这种景象称得上是人间一大奇观。有趣的是，在这浩瀚如海的梯田世界里，最大的一块田不过一亩，大多数是只能种一二行禾的碎田块，有这样一个笑话形容梯田的小：有一个地主要农夫耕完山脚的206块田，农夫把地耕完后，数来数去一共只有205块田，怎么也找不到那最后一块，后来他拾起了地上的蓑衣，这才发现原来还有一块田被盖住了，因此有“蓑衣盖过田”的说法。
龙脊梯田有1号和2号两个观景点，1号观景点在村子东侧上方，较远。2号相对近一些。1、2号观景点之间有平路相连，两处都可看见当地最为著名的龙脊梯田中的“七星伴月”，“七星伴月”是龙脊梯田的精华，是七个小山顶梯田和一个大的山顶梯田。整个山都是窄窄的梯田，而田埂则像是划等高线。龙脊梯田往上还有一个金坑梯田．那里有四个瑶族村落，从平安1号景点住上走需要3到4小时．住宿条件比不上平安，梯田的规模比此前稍大，民风更为淳厚。龙胜县东南部和平乡境内，有一个规模宏大的梯田群。
龙脊梯田景区内居住着壮族、瑶族两种民族，以壮族为主，龙脊的壮族是北壮的代表，服饰独特，风情独具，在这里你可以看到古朴的壮族民间舞蹈和保护完美的壮族服饰，可听到优美的壮族山歌，享受原汁原味的壮族风情，传统习俗壮乡民居，香纯味美的龙脊铜鼓舞，师公舞，打扁担令人耳目一新，此外，还有古朴的壮乡民居，香纯味美的龙脊茶和龙脊辣椒，沁人心肺的“东方魔水”——龙脊水酒。 龙脊梯田只是一个景区统称，包含龙脊寨（壮族）、平安寨（壮族）、中六寨（瑶族）、大寨（瑶族）、田头寨（瑶族）、小寨（瑶族）等若干村寨。就梯田本身而言，最壮观的是大寨的金坑梯田和附近的小寨梯田。央视12台的片头以及大家经常看见的龙脊梯田宣传图片和影视作品绝大部分都是出自金坑梯田。平安寨的七星伴月也非常不错，就是通常大家以前说的龙脊梯田了。龙脊梯田常规来说有3个入口，一个是平安村，一个是大寨村，还有一个是龙脊村（龙脊古壮寨）。
龙脊梯田包括平安北壮梯田和金坑红瑶梯田两个景区。两处梯田既有大刀阔斧的砍削，又有丝丝入扣的精雕细啄；既显得气势磅礴，又含着清秀的艺术情调。由于山行各异，呈现两种互不雷同的诗域画境。两者一南一北如双壁辉映，分别构成北壮和红瑶两个文化空间，可谓组合巧妙，相互辉映。
平安梯田横跨平安和龙脊两个行政村，宛如一条行进中的巨龙，腾越在一个四五里长的坡面上，腾越出一种叱咤风云的野性力量。平安梯田内有“九龙五虎”和“七星伴月”两个独特的景观。“九龙”指龙脊主脉在这里分出来的九条小山梁，“五虎”指这里五个略微凸起的小山头。“九龙”、“五虎”全部为梯田所盘绕。“七星”指当初开天时特意留下来的七个小山包，七个小山包分别叠立在七块田的中央，远远望去像七颗闪烁的星星，守护着龙脊那块弯弯的月亮田。因为“九龙五虎”和“七星伴月”的存在，使得平安梯田像扫帚田园一样景中有景，平田许多情趣和意味。
金坑梯田在大寨村境内，这里因出产金子得名。金坑的地形既箱一个巨大的“天坑”，又似宫庐般圆圆地笼盖着的小盘地。站在坑底仰望四周，千米高的“坑沿”上一坡连着一坡，坡跑都是重重叠叠直奔云天的梯田。那绵亘四五里的环形山体，圈起来活似一条虬屈的巨龙。与平安梯田不同，它呈现出来的是一种粗扩的美，另人震撼。金坑梯田景区内除了传说中的“双龙抢宝”和“双狮跳杠”两个景观外，还有新命名的“千层天梯”、“金佛顶”和“西山韶乐”三个景观，构成梦幻龙脊上另一个远离世俗的洞天福地。
平安梯田是广西北部壮族文化的载体，金坑梯田则是红瑶风情的摇篮。龙脊壮、瑶人民像修筑梯田，保持水土一样精心保护这里瑰丽多姿的民族文化。这里有被梯田拥在怀里、被水光映照、被云影拂弄、被空灵成天上空阕的吊角木楼，有似梯田一般延绵不绝、饮唱不熄的山歌，有别具一格的民族服饰，有奇特的风俗，有酿香的水酒。所以这一切，都和高山、森林、云海在一起，构成龙脊梯田深厚的文化内涵。
正是这两个巨大的梯形舞台，向世界展示着龙脊人战天斗地的壮美情怀。雄浑秀丽的龙脊梯田上，处处闪耀着壮、瑶两族文化的灵光。龙脊的美丽令络绎而至的游客折眼。毛泽东的儿媳邵华将军是著名的作家、摄影家，她一登上龙脊就称这里是摄影胜地，一边频频按下快门，一边对龙脊梯田壮美的风光和奇异的民族风情赞不绝口，年过花甲的她快乐得像个小孩。侨居美国的冯文真是冯玉祥将军的孙女，这些年每次回国，她都要到龙脊造访她的“第二故乡”。
景区村寨
平安壮寨
平安村目前有 170 户人家，人口 700 多人，都是壮族，人人都姓廖。这里有两个观景点。平安二号观景点——七星伴月。
关于七星伴月的来源，还流传着一个凄美的爱情故事，相传几百年前有一个叫阿星的壮族小伙爱上了一个叫阿月的瑶妹。当时村寨里有非常封建的思想，壮族和瑶族的青年男女是不能通婚的，如果结婚了那就是犯了寨规，要被族人惩罚的。为了避开双方族人的目光，他们几经周折来到这一年四季被云雾缭绕的高山过隐居的生活，他们开山种田，沿着山底用竹筒做水平尺开出了一层层围绕着山顶的梯田，阿星和阿月相依为伴生儿育女，不久他们便有了三男三女，一家人过上像蜜糖一样甜的生活。
但好景不长，阿月有一天上山砍柴，被他们的族人发现了，突然有一天晚上，瑶王带领着族人，趁着夜色点着火把，团团围住了他们的茅屋，把阿月押回了瑶寨，关进了寨牢里。可怜的阿月天天遭到族人的唾骂，更加思念着丈夫和他们的六个儿女，精神日益崩溃，加上饥寒交迫，不久含恨而死，阿月死后就埋在现在的月亮田里，有一天阿星带着他们的六个儿女来到坟前祭拜阿月，那一声声撕心裂肺的哭喊感动了上苍，这时天空忽降大雨，老天也同情的流下眼泪，刹那间雷电交加、狂风大作，待天晴后，阿星和他们的六个儿女都不见了，只见七个大小各异的土山包，陪伴在阿月的坟前，形成了现在“七星伴月”的奇特景观。后人传说，阿星和阿月还有他们的儿女都升了天，变成了天上的星星和月亮，在天上过着快乐的日子。现在平安村的壮家还有一个习俗，每当八月十五的时候，只要您看上了谁家的姑娘，您可以偷偷的告诉她今晚在月亮田上约会，姑娘若是中意你的话会准时赴约的，看着皎洁的月亮和满天的星星许下一个愿望就可以实现你们的爱情誓言。
平安壮族梯田最高海拔880米 ，最低海拔380米 ，垂直高差500米 ，占地4平方公里。梯田如链带，从山脚一直盘绕到山顶，小山如螺，大山似塔。春如层层银带、夏滚道道绿波、秋叠座座金塔、冬似群龙戏水，在这浩瀚如海的梯田世界里，共有大小个异的梯田15862块，最大的梯田有0.62亩，最小的梯田只能插3株禾苗，有“青蛙一跳三块田”和“一床蓑衣盖过田”之说。
在平安壮族梯田的一号景点上可以看到“九龙五虎，二龙抢珠”气势磅礴的景观，顺着梯田的走向可以看到有九条山脉的脊背从上而下，像是九条龙从天空中俯身下到金江河饮水，在他旁边有五个小山头像老虎一样蹲在地上，守护着这一方水土。在风雨桥旁边有一个像龙珠的土山包，在它的左右方分别有一条山脉把它夹住，仿佛活生生的两条龙在争夺珠宝一样。尊贵的客人您若是一眼能把这“九龙五虎、二龙抢珠”的景观看出来的话，那么您必定是大富大贵的人。当地有一个诗人是这样赞美梯田的：平安二景势峥嵘，五虎奔游绕翠峰，九岭山峦龙戏水，七星伴月图画中。
在距平安村约半个小时的路程，沿着千回百转的青石板路就可以来到这古朴、原始的世外桃源，这里有清朝同治年年间修建的用于防火的太平清缸，有日夜清泉喷涌的龙泉井，有象征着壮、瑶、汉三个民族团结一心共同抗敌的三鱼共首石桥，有见证历史沧桑的百年老屋，有至今还保留着的清朝潘天红的廉政碑和康熙兵营旧址等文物古迹。龙脊古壮寨将壮族人民千百年的民族传统和民族文化奉贤给每一位寻幽、探奇的游客。
金竹壮寨
金竹壮寨因金色的竹林而得名，是龙脊十三寨的“第一寨”，有80户人家，450多人口，是我国典型的壮族村寨，号称“北壮第一寨”，1992年曾被联合国教科文组织誉为“壮寨的楷模”。这里可以看到古朴的壮族民间舞蹈，有庆丰收的“扁担舞”，有象征少女成年仪式的“师公舞”和驱赶野兽的“竹梆舞”，还可以听到优美动听的山歌，您若是在金竹餐厅品尝风味餐，那还有一道风味大餐，那便是壮族原汁原味的敬酒歌，在您酒酣面热之际，一群着装典雅的壮族姑娘会端起一杯杯龙脊水酒，为您唱上那流传了几带人的壮族敬酒歌。歌词大意是：“小路路弯弯石板青，壮家姑娘迎贵宾，淡酒淡菜来招待，深表壮族一片心。”您若是接下酒杯一饮而尽，壮族姑娘们还会接着为您唱上“龙脊水酒清又清，水酒含来敬贵宾，请你接杯把酒饮，祝您越活越年轻。”您若是酒量高的话可站起来说“干了”，壮话说“干了”二字就是“罗虽”。在这一唱一答之间会增加和壮族人民的感情和友谊，还可以让你真实的感受到原汁原味的壮族风情。
黄洛瑶寨
位于金江河畔的黄洛瑶寨。居住着清一色的红瑶族，有60户人家，400人口，这里的妇女个个留着一头乌黑亮丽的长发。头发能垂到地上的妇女到处都有。头发最长的有1.81米 。因此而获得吉尼斯总部颁布的“长发村”证书而名扬天下，成为龙脊梯田景区的又一个“世界一绝”。
来到黄洛瑶寨，穿着艳丽的民族服饰的瑶族姑娘唱着甜蜜的山歌列队欢迎您，献上她们特有的舞蹈，长鼓舞，手铃舞和长发梳妆。在这里还可以品尝到香喷喷的瑶家油茶。一条清幽的小河穿寨而过，两座铁索桥连系了两岸人，好让姑娘和小伙子悄悄的对话。在这里特别值得一提的是黄洛瑶寨特有的“选新郎”活动。来到黄洛瑶寨做客的男贵宾都有机会参与，这项活动关键是看寨花选中谁。被选中的男贵宾，瑶族的少女们会为你精心打扮一下，扮成新郎官的模样。那么寨花也会悄悄的披上嫁衣，盖上红盖头来到你身旁……
红瑶妇女的服饰很美，也很讲究。一套衣服全都是手工刺绣要花三年的时间，衣服上面都绣有各种图案，腰间都系着宽宽的花要带和孔雀开屏般的百褶裙都是她们自己的审美产物。您只要仔细观察瑶女们的耳朵上、手上都戴着银饰品，最显眼要数那有二、三两重的耳环了，还有那手上戴的镯头，都是民间的银匠精雕细凿而成。 瑶女们个个都热情大方，能歌善舞，她们的歌舞因秀美的长发而显得更加婀娜多姿，一场大团员舞之后，舍不得走的也得走，瑶女们会为您献上一杯拦门酒，别离歌也唱了起来，这是主人给您的最高礼遇，祝您在人生道路上一路平安。
龙脊古壮寨
位于和平乡龙脊寨因海拔600余米，寨楼终日被水光映照，云影拂弄，犹如天宫仙境，与千亩梯田成为奇景。村寨有200多户，1000多人，为潘、廖、侯三姓的壮族聚居区。村寨最大特点是其建筑相当古朴，历史久远，有几处甚至有上百年的历史，且保持相当完好．古壮寨的特色十分突出。在龙脊古壮寨不仅能观赏到最为原始的壮寨建筑格调，而且可以步行石板路观赏到古壮寨内的三鱼共首石桥、龙泉亭、康熙兵营旧址、清乾隆潘天红廉政碑、太平清缸、石碾以及古石寨门等古朴的名胜古迹和纯朴的民风民俗。
旅游指南：
在龙脊梯田旅游区，徒步旅行深受游客喜欢。选择徒步在村寨中找景点的时候，岔路相对多一定要记住沿着石板路走，实在不知道就问在路边劳作的农民们，他们会很热情地指路。
观看寨子里的表演一定要问清楚是否要收费。
当地人有为游客带路、背包的习惯，可接受，但要讲好价钱。一般2小时路程10元或20元左右。
由于肯定要住在山上一夜，可打电话先联系，一是可以问车次，二是可以预定房间，三是可以约定由旅馆派人来接。
小提示：
1、游览的最佳时间：每年农历四月十五以后，梯田开始放水的半个月和每年中秋以后的半个月。龙脊的雪景也很棒，但是下雪的时间不定，看运气了。景区最热7月，平均气温28.3度；最冷1月，平均气温7.9度。
2、最佳观赏和拍摄地：平安七星伴月景点拍出来的照片很漂亮，是摄影发烧友的好去处。
3、徒步旅行的注意事项
",自驾：G80/广昆高速/G72方向，进入泉南高速公路，朝桂林绕城(西)/衡阳/机场方向，稍向右转进入包茂高速公路，从入口进入桂林绕城高速公路，在水利中桥从龙胜/桂林西出口离开，朝龙胜方向，进入G321，进入和大线，到达终点。,NA,NA,NA,352,352,2
兴安灵渠, 广西·桂林  ,桂林,NA,"灵渠，又名澪渠、零渠、秦凿渠、明清时期称陡河。民国年间，又称为湘桂运河。它位于广西壮族自治区兴安县境内。 由于它沟通了湘江和漓江，从而连接了长江和珠江两大水系，自秦代至民国两千余年来，成了岭南和中原唯一交通孔道。灵渠开凿于哪一年，历史没有记载，人们只能按史实推断。据史料，秦始皇于二十六年 (公元前221年)最后灭齐统一六国，分天下为三十六郡。在此之前，不可能开凿灵渠。统一六国后，才向岭南遗发50万大军。就算秦军作了充分准备，发兵时间，也不致早于秦始皇二十七年(公元前220年)。五十万秦军分为五路，分别指向五夷山、大瘦岭、骑田岭、都庞岭、越城岭的五处 山口，向现在的福建、广东、广西进军。但向广西、广东进军的秦军并不顺利，迂到了越人的顽强抵抗。迫使秦军“三年不解甲弛弩”，粮饷也没法供应，因而才“又以卒凿渠而通粮道”。秦始皇於二十七年向岭南发兵，打了三年以后再决定凿灵渠，那开始凿渠的时间应在秦始皇二十九年以后 (公元前218年)。至三十三年(公元前214年)凿成通航，灵渠的开挖将近用了四年时间。
秦始皇为什么要开挖灵渠？上面的史料已经说得很清楚。就是为了给士卒运送粮饷。灵渠未开凿之前，秦军的粮饷靠人力肩挑背运，就算用车载，岭南山高水险，道路崎岖，一车又能运多少？加上运送人员在长途搬运中自己的消耗，能运到前线的粮食就更少。在当地筹粮嘛，当时岭南地区人烟稀少，耕作靠刀耕火种，产量很低，而且越人皆逃人深山老林中，与禽兽为伍，秦军到那里去找粮？没有粮食，又那敢轻敌深入？战争只有旷日持久了。所谓秦军“三年不解甲弛弩”，原因就在这里。
灵渠凿成以后，秦军有了充足的粮饷，因而一鼓作气，勇往直前，当年即统一了岭南。占领岭南后，派兵戍守，也有保障。通过灵渠，秦代还由中原往岭南大量移民，加快了民族的大融合，加速了岭南经济的开发，加强了文化的交流，为维护国家的统一，巩固祖国的边防，起到了极为重要的作用。后人说灵渠“通三江，贯五岭”，意义之重大，对后世功用之奇伟，是不言而喻的。除此之外，单就水利建筑上的辉煌成就，时至今日，仍放射出灿烂的光彩。
",,NA,NA,NA,334,334,3
桂林漓江冠岩, 广西·桂林 桂林草坪乡 ,桂林,洞穴 避暑,"冠岩又名甘岩、光岩，在江的左岸，山形似一古老的紫金冠，又因山下岩洞而得名冠岩。冠岩景区位于风景如画的草坪乡，离市区约29公里。游人沿着水泥铺就的小道，蜿蜒穿行于田间和李树下，拾级而上便可到冠岩洞口。洞中石笋林立，在彩灯的照下宛若仙境，洞中的地下暗河堪称一绝，河水凛冽清澈，最深处可达10多米。游人泛舟其上，既可观洞中奇景，又可领略探险的乐趣。
冠岩之下地二郎峡，这里奇峰夹岸，水曲天小，景致集中。漓江西岸的大黄、笔架、文笔、狮诸峰错落，牙列岸际，形成峡谷。江东凤凰、观音、白兔众山傍水，比肩而立。苹果山如一轮旭日，突跃水面，在峡谷中升起，传说此为二郎神鬼斧神工所造。这里无论站在什么角度，前后左右，上下远近，或晴空万里或云雾缭绕或或斜风细雨，处处皆景，时时入画。闻人郭沫若游江到此，有诗赞道：“神奇景物凝三峡，烟云绕万峰。”
冠岩占地面积6000余亩，形成了以冠岩地下河为中心的集旅游观光、会议疗养、食宿娱乐为一体的桂林最大型综合游览度假区。其中冠岩全长12公里，规模宏大，气势恢弘，钟乳石琳琅满目，色彩斑斓，现有洞内游程3公里，洞内共有步行、乘坐观光滑道、乘观光电梯、乘坐洞内有轨列车、在地下河中乘小木船等5种游览方式，游览时间90分钟。
从古至今，冠岩景区以其得天独厚的地理与资源优势，以其无与伦比的绝色风光令无数文人骚客为之倾倒，为之歌咏传诵。唐代莫休符，宋代王正功，明代蔡文、徐霞客，清代著名诗人查慎行等都先后游览和题咏冠岩。漓江冠岩景区是桂林唯一能在一个景区就能尽享桂林山水享誉中外的“山清、水秀、洞奇、石美”这些美景的风景区。所以，冠岩景区被誉为“桂林山水甲天下，山水兼奇唯冠岩”。2000年，经上海大世界基尼斯总部评定，冠岩景区所属冠岩溶洞与电动观光管轨车双双荣获了大世界基尼斯纪录。冠岩是世界游览方式最多的岩洞，冠岩电动观光滑道是世界最长的观光滑道。
现在的漓江冠岩风景区，正以其多层面的无穷魅力，优质周到的服务，吸引着一批又一批的中外游客，成为桂林市最著名的旅游景区之一。冠岩景区现被列为桂林市政府和旅游局重点向外首推的桂林四个景区之一。景区目前年接待总量近60万人次，且每年以较快的速度增长。
冠岩主要看点
地下河景区
冠岩洞内宽敞，像宫殿一般，前后透光，所以又叫“光岩”。岩分三层五洞，层层相叠，洞洞相连，冠岩逶迤曲折，上面两层为旱洞，洞内悬挂着各形各态的石钟乳，曲深幽长约3公里，最下一层是地下暗河，长约700余米，河水清冽，哗然有声。明代蔡文有诗描述冠岩曰：洞府深深映水开，幽花乱石白云堆。中有一脉清流出，不识源从何处来。这首诗道出了冠岩的神秘奇绝。
冠岩地下河游览区是桂林有名的旅游溶洞之一，本世纪九十年代初，桂林华之冠旅游开发有限公司对冠岩进行了全方位科学合理性的开发，按高起点、高标准设计建立了多种游览方式，洞内共有5种游览方式：步行（行程约1000米）；乘坐观光滑道（洞内滑道来回约500米）；乘观光电梯（电梯高约36米，亚洲观光第一梯），乘坐洞内有轨列车（列车长约30米，可载客108人，行程约500米）；在地下河中乘小木船（每船载客12人，行程约700米，洞中有世界岩洞第一瀑，地下河瀑布）。多种现代游览设施与洞内景色相辅相成，使冠岩成为国内独具特色和韵味的水陆空游览洞穴。
乡吧岛
传统的、现代的、前卫的艺术作品与自然的山水相融相衬，辉映出多层面的魅力，这就是漓江唯一江岛乐  冠岩园——乡吧岛地景艺术园。顺冠岩而下约500米的漓江上有一座神奇而美丽的小岛，名叫乡吧岛。岛上面积五百余亩，森林覆盖率达80%以上，有百余亩的樟树林、大片的柚子林、桃树林，更有成片的原始灌木丛点缀其间。春夏两季，岛上树木葱郁，鲜花怒放；秋冬两季，满树满树的红叶，把整个岛给染红了。岛上还有池塘、清流，没有任何工业污染。是一个真真切切的自然世界。
乡吧岛位于漓江景点最集中的黄金水段，原名浪洲岛（在徐霞客游记中则称拦洲），浪洲之名源于宋代，因它四面环水，满目生波而得名。岛上大致分为民族风情表演区、地景艺术品区、餐饮区、帐篷区、小品制作区等。岛的周边罗布着漓江中段美丽而神奇的八大奇景：绣山壁岩、浪洲传奇、螺蛳上山、半边奇渡、毛驴挂壁、桃源秘洞、绝壁悬棺、问天哑谜。
2000年8月由中国《人文山水.人与物》策划组组织百名艺术家在岛上进行艺术创作，以此次艺术家创作的作品为主体建成的是中国第一个地景艺术公园——乡吧岛地景艺术园。乡吧岛正在成为一所以自然风光、民俗风情为主体，以瓦陶艺术雕塑为主题，集园林景观、民族建筑、特色餐饮、风情表演、工艺制作为一体的观光、休闲的地景艺术园。
观光滑道群
冠岩景区占地面积5000余亩，景观多样集中，秀丽自然，自开放以来吸引了海内外数百万的游客前来  娱乐游览观光，往来络绎不绝。为了解决游客旅途中的疲劳，1999年底冠岩景区建成了国内首条电动观光滑道，使游客即可轻松欣赏冠岩景区的自然风光，又能体验贴地滑行的无穷乐趣，电动观光滑道建成后有如一条绿色长龙一般，与周边环境甚为融合，蔚为壮观。
冠岩景区电动观光测滑道系采用国内外最新技术设计制造，属国内首创。电动观光滑道管轨断面呈弧型结构，流畅自然，建设占地面积少，属环保型高科技项目；电动观光滑道车依靠45伏直流电驱动，可爬坡、转弯，安全可靠。冠岩景区电动观光滑道全长3.2公里，车速可达15米/秒，游客可以自行控制车速，操作简易，动感十足，是一项极具趣味性的观光旅游项目。电动观光滑道2000年6月28日正式对外开发，经上海大世界基尼斯总部评定为大世界基尼斯之最——最长的旅游观光滑道。
",汽车总站可以乘坐冠岩专线车6.5元/人，桂林最早发车7：30，冠岩返回最迟18：30,8：30～17：30 （全程游览需2小时） ,       80元/人，观光滑道车(单程) 30元/人（身高1.00米～1.40米半价，1.00米以下免票，桂林市民半价，老人票、学生票、记者证、教师证等无优惠） , 30 ,345,345,4
遇龙河朝阳工农桥漂流, 广西·桂林 广西壮族自治区桂林市遇龙河漂流朝阳码头 ,桂林,NA,"探索遇龙河之神秘，体验“人随山水转，心往画中游”的美妙境地，感受山水交融、与水共舞的酣畅淋漓，享受清凉世界，释放狂野激情，让遇龙河河魅力一展无疑。
坐在竹椅上，把双足放在水中，水波柔柔地从脚上流过，好象一只温柔的手在轻轻地抚摸。山峰离岸边有些距离，山峰和河岸之间种满了庄稼，不时可以看到一个个小村庄，河岸上种满了庄稼，有人在田间忙碌，有人在临河垂钓，一派美丽的田园风光。
漂流过坝多达九个，是遇龙河漂流冲坝最多的一段。如果你是个运动范，喜欢挑战、喜欢刺激、享受体验冲坝的快感，那么选择朝阳—工农桥段遇龙河漂流绝对是个不错的主意。

",自驾：广昆高速/G72方向，直行进入泉南高速公路，进入G323，进入荔柳路，直行进入G321，直行进入工农桥，到达终点。,NA,NA,NA,364,364,5
桂林刘三姐景观园, 广西·桂林 桂林市桃花江路1号 ,桂林,NA,桂林刘三姐景观园，座落在风景怡人的桃花江畔，占地一百多亩，总投资伍千多万元。她是以刘三姐文化、广西壮族文化及民俗民风为主题的休闲游乐场所。 步入景观园，广西壮、瑶、侗、苗的少男少女歌舞相迎，跳过竹竿舞，您会步步高升；迎面的水上对歌台，游客可一舒歌喉与美丽的刘三姐对歌比试，被三姐相中的幸运游客还可得到抛出的绣球；寨楼风情是游客参与性节目，游客在这里能身临其境地感受广西少数民族的婚礼习俗；去到莫府、阿牛家不仅感受到电影《刘三姐》场面的再现，上刀山、下火海绝技，斗鸡等表演会让游客看得更开心，大饱眼福。热爱大自然的朋友，不妨到鸟语林去感受百鸟生态，小鸟表演及孔雀送客。各类小游艺及民族秋千供游客尽情娱乐。莫老爷小吃大观园内的各类广西特色小吃让游客大饱口福。 演艺厅的大型民族歌舞表演，独此一家，别无分店。一台独具特色集观赏性、参与性、娱乐性为一体的内容丰富演艺，曲终人不散，是游客永久的纪念，不仅如此，您还有机会与刘三姐的扮演者――黄婉秋女士合影留念，永久珍藏。 进到刘三姐景观园让您感觉到山与水的幽美，体验到人与自然的和谐，让您憧憬山村月夜的风情，感受刘三姐文化的博大精深。一曲“多谢了，多谢四方众乡亲……”。让您带走三姐的问候，留下一片深深的情谊……。,在市内可乘公交3路，29路即达。,NA,NA,NA,378,378,5
桂林玉圭园水上乐园, 广西·桂林 广西桂林雁山区良丰路（环城高速公路口） ,桂林,游乐场,"桂林市玉圭园环球名胜水上乐园以加勒比海岛建筑与景观为主题，辅助以地中海沿岸建筑风格。共有各类现代先进戏水设施二十余项，包括五组合戏水平台、高达3米的海啸造浪池、先进的实时水过滤消毒系统，设计日最大入园人数为三万人，水迪厅、六个温泉泡池、风动造浪池等项目全年开放。
",NA,日场：10:00-16:30 夜场：16:30-22:00 ,"     水上乐园日场全票180元一张，夜场全票160元一张
A.免票政策：儿童身高1.2米以下免费。
B.优惠政策：儿童身高1.2-1.4米、60岁以上老人（持本人身份证或老年证）、现役军人（持军官证）、残疾人士（持残疾证）、学生（持有效学生证）购景区优惠票。 ", 30 ,356,356,2
